Registration ID,Country,Region,Year
1,USA,USA,2020
2,Unknown,Unknown,2020
3,USA,USA,2020
4,United Kingdom,Europe,2020
5,USA,USA,2020
6,USA,USA,2020
7,USA,USA,2020
8,Unknown,Unknown,2020
9,United Kingdom,Europe,2020
10,USA,USA,2020
11,Unknown,Unknown,2020
12,United Kingdom,Europe,2020
13,USA,USA,2020
14,USA,USA,2020
15,USA,USA,2020
16,Unknown,Unknown,2020
17,USA,USA,2020
18,USA,USA,2020
19,Unknown,Unknown,2020
20,USA,USA,2020
21,USA,USA,2020
22,USA,USA,2020
23,USA,USA,2020
24,Portugal,Europe,2020
25,USA,USA,2020
26,USA,USA,2020
27,Canada,Other Americas,2020
28,USA,USA,2020
29,Unknown,Unknown,2020
30,USA,USA,2020
31,USA,USA,2020
32,USA,USA,2020
33,USA,USA,2020
34,USA,USA,2020
35,Switzerland,Europe,2020
36,USA,USA,2020
37,Unknown,Unknown,2020
38,USA,USA,2020
39,USA,USA,2020
40,USA,USA,2020
41,USA,USA,2020
42,Germany,Europe,2020
43,USA,USA,2020
44,USA,USA,2020
45,USA,USA,2020
46,United Kingdom,Europe,2020
47,USA,USA,2020
48,Canada,Other Americas,2020
49,USA,USA,2020
50,USA,USA,2020
51,France,Europe,2020
52,USA,USA,2020
53,USA,USA,2020
54,Unknown,Unknown,2020
55,USA,USA,2020
56,USA,USA,2020
57,United Kingdom,Europe,2020
58,USA,USA,2020
59,USA,USA,2020
60,USA,USA,2020
61,USA,USA,2020
62,USA,USA,2020
63,USA,USA,2020
64,USA,USA,2020
65,USA,USA,2020
66,USA,USA,2020
67,USA,USA,2020
68,Costa Rica,Other Americas,2020
69,USA,USA,2020
70,USA,USA,2020
71,USA,USA,2020
72,USA,USA,2020
73,USA,USA,2020
74,USA,USA,2020
75,USA,USA,2020
76,USA,USA,2020
77,USA,USA,2020
78,USA,USA,2020
79,USA,USA,2020
80,USA,USA,2020
81,China,Asia,2020
82,USA,USA,2020
83,USA,USA,2020
84,USA,USA,2020
85,USA,USA,2020
86,Canada,Other Americas,2020
87,USA,USA,2020
88,USA,USA,2020
89,USA,USA,2020
90,India,Asia,2020
91,India,Asia,2020
92,USA,USA,2020
93,USA,USA,2020
94,India,Asia,2020
95,USA,USA,2020
96,India,Asia,2020
97,USA,USA,2020
98,USA,USA,2020
99,India,Asia,2020
100,USA,USA,2020
101,USA,USA,2020
102,USA,USA,2020
103,USA,USA,2020
104,USA,USA,2020
105,USA,USA,2020
106,India,Asia,2020
107,USA,USA,2020
108,USA,USA,2020
109,USA,USA,2020
110,USA,USA,2020
111,India,Asia,2020
112,USA,USA,2020
113,USA,USA,2020
114,India,Asia,2020
115,USA,USA,2020
116,USA,USA,2020
117,USA,USA,2020
118,USA,USA,2020
119,USA,USA,2020
120,USA,USA,2020
121,USA,USA,2020
122,USA,USA,2020
123,USA,USA,2020
124,Unknown,Unknown,2020
125,Unknown,Unknown,2020
126,USA,USA,2020
127,USA,USA,2020
128,USA,USA,2020
129,USA,USA,2020
130,USA,USA,2020
131,USA,USA,2020
132,USA,USA,2020
133,USA,USA,2020
134,USA,USA,2020
135,USA,USA,2020
136,USA,USA,2020
137,USA,USA,2020
138,USA,USA,2020
139,USA,USA,2020
140,USA,USA,2020
141,USA,USA,2020
142,USA,USA,2020
143,USA,USA,2020
144,USA,USA,2020
145,USA,USA,2020
146,USA,USA,2020
147,USA,USA,2020
148,Unknown,Unknown,2020
149,USA,USA,2020
150,USA,USA,2020
151,Canada,Other Americas,2020
152,Germany,Europe,2020
153,USA,USA,2020
154,USA,USA,2020
155,USA,USA,2020
156,USA,USA,2020
157,USA,USA,2020
158,USA,USA,2020
159,USA,USA,2020
160,Iceland,Europe,2020
161,France,Europe,2020
162,USA,USA,2020
163,USA,USA,2020
164,USA,USA,2020
165,Mexico,Other Americas,2020
166,USA,USA,2020
167,USA,USA,2020
168,South Korea,Asia,2020
169,South Korea,Asia,2020
170,Netherlands,Europe,2020
171,Austria,Europe,2020
172,USA,USA,2020
173,USA,USA,2020
174,USA,USA,2020
175,USA,USA,2020
176,USA,USA,2020
177,USA,USA,2020
178,USA,USA,2020
179,USA,USA,2020
180,USA,USA,2020
181,USA,USA,2020
182,USA,USA,2020
183,USA,USA,2020
184,USA,USA,2020
185,USA,USA,2020
186,USA,USA,2020
187,USA,USA,2020
188,USA,USA,2020
189,USA,USA,2020
190,USA,USA,2020
191,Unknown,Unknown,2020
192,USA,USA,2020
193,USA,USA,2020
194,USA,USA,2020
195,USA,USA,2020
196,USA,USA,2020
197,USA,USA,2020
198,USA,USA,2020
199,USA,USA,2020
200,USA,USA,2020
201,USA,USA,2020
202,USA,USA,2020
203,USA,USA,2020
204,Italy,Europe,2020
205,USA,USA,2020
206,USA,USA,2020
207,USA,USA,2020
208,China,Asia,2020
209,USA,USA,2020
210,USA,USA,2020
211,USA,USA,2020
212,USA,USA,2020
213,Unknown,Unknown,2020
214,USA,USA,2020
215,Denmark,Europe,2020
216,Unknown,Unknown,2020
217,United Kingdom,Europe,2020
218,Unknown,Unknown,2020
219,USA,USA,2020
220,USA,USA,2020
221,Belgium,Europe,2020
222,Canada,Other Americas,2020
223,USA,USA,2020
224,USA,USA,2020
225,Unknown,Unknown,2020
226,USA,USA,2020
227,Unknown,Unknown,2020
228,USA,USA,2020
229,USA,USA,2020
230,Netherlands,Europe,2020
231,USA,USA,2020
232,USA,USA,2020
233,USA,USA,2020
234,USA,USA,2020
235,Unknown,Unknown,2020
236,USA,USA,2020
237,USA,USA,2020
238,USA,USA,2020
239,Netherlands,Europe,2020
240,USA,USA,2020
241,USA,USA,2020
242,USA,USA,2020
243,USA,USA,2020
244,USA,USA,2020
245,USA,USA,2020
246,USA,USA,2020
247,USA,USA,2020
248,USA,USA,2020
249,USA,USA,2020
250,USA,USA,2020
251,Unknown,Unknown,2020
252,USA,USA,2020
253,USA,USA,2020
254,Unknown,Unknown,2020
255,Unknown,Unknown,2020
256,USA,USA,2020
257,USA,USA,2020
258,USA,USA,2020
259,Unknown,Unknown,2020
260,USA,USA,2020
261,Unknown,Unknown,2020
262,USA,USA,2020
263,USA,USA,2020
264,United Kingdom,Europe,2020
265,Canada,Other Americas,2020
266,USA,USA,2020
267,USA,USA,2020
268,USA,USA,2020
269,USA,USA,2020
270,Chile,Other Americas,2020
271,USA,USA,2020
272,USA,USA,2020
273,USA,USA,2020
274,USA,USA,2020
275,USA,USA,2020
276,USA,USA,2020
277,USA,USA,2020
278,USA,USA,2020
279,USA,USA,2020
280,USA,USA,2020
281,United Kingdom,Europe,2020
282,Unknown,Unknown,2020
283,USA,USA,2020
284,USA,USA,2020
285,USA,USA,2020
286,USA,USA,2020
287,USA,USA,2020
288,USA,USA,2020
289,USA,USA,2020
290,USA,USA,2020
291,USA,USA,2020
292,USA,USA,2020
293,USA,USA,2020
294,Unknown,Unknown,2020
295,USA,USA,2020
296,USA,USA,2020
297,USA,USA,2020
298,USA,USA,2020
299,USA,USA,2020
300,Chile,Other Americas,2020
301,USA,USA,2020
302,USA,USA,2020
303,USA,USA,2020
304,USA,USA,2020
305,USA,USA,2020
306,USA,USA,2020
307,USA,USA,2020
308,USA,USA,2020
309,Unknown,Unknown,2020
310,Unknown,Unknown,2020
311,USA,USA,2020
312,USA,USA,2020
313,USA,USA,2020
314,USA,USA,2020
315,USA,USA,2020
316,USA,USA,2020
317,USA,USA,2020
318,USA,USA,2020
319,USA,USA,2020
320,Unknown,Unknown,2020
321,United Kingdom,Europe,2020
322,South Korea,Asia,2020
323,Switzerland,Europe,2020
324,Israel,Middle East,2020
325,USA,USA,2020
326,Unknown,Unknown,2020
327,Unknown,Unknown,2020
328,USA,USA,2020
329,USA,USA,2020
330,USA,USA,2020
331,USA,USA,2020
332,USA,USA,2020
333,USA,USA,2020
334,USA,USA,2020
335,Japan,Asia,2020
336,Australia,Oceania,2020
337,USA,USA,2020
338,USA,USA,2020
339,USA,USA,2020
340,USA,USA,2020
341,South Korea,Asia,2020
342,USA,USA,2020
343,USA,USA,2020
344,South Korea,Asia,2020
345,USA,USA,2020
346,USA,USA,2020
347,USA,USA,2020
348,USA,USA,2020
349,USA,USA,2020
350,Chile,Other Americas,2020
351,Chile,Other Americas,2020
352,USA,USA,2020
353,USA,USA,2020
354,USA,USA,2020
355,USA,USA,2020
356,USA,USA,2020
357,USA,USA,2020
358,USA,USA,2020
359,USA,USA,2020
360,USA,USA,2020
361,USA,USA,2020
362,USA,USA,2020
363,USA,USA,2020
364,USA,USA,2020
365,USA,USA,2020
366,USA,USA,2020
367,USA,USA,2020
368,USA,USA,2020
369,USA,USA,2020
370,USA,USA,2020
371,USA,USA,2020
372,USA,USA,2020
373,USA,USA,2020
374,USA,USA,2020
375,USA,USA,2020
376,USA,USA,2020
377,USA,USA,2020
378,USA,USA,2020
379,USA,USA,2020
380,USA,USA,2020
381,USA,USA,2020
382,USA,USA,2020
383,USA,USA,2020
384,USA,USA,2020
385,USA,USA,2020
386,Unknown,Unknown,2020
387,USA,USA,2020
388,USA,USA,2020
389,USA,USA,2020
390,USA,USA,2020
391,USA,USA,2020
392,USA,USA,2020
393,USA,USA,2020
394,USA,USA,2020
395,USA,USA,2020
396,USA,USA,2020
397,USA,USA,2020
398,USA,USA,2020
399,USA,USA,2020
400,USA,USA,2020
401,USA,USA,2020
402,USA,USA,2020
403,USA,USA,2020
404,South Korea,Asia,2020
405,United Kingdom,Europe,2020
406,Canada,Other Americas,2020
407,USA,USA,2020
408,USA,USA,2020
409,USA,USA,2020
410,USA,USA,2020
411,Unknown,Unknown,2020
412,Unknown,Unknown,2020
413,Unknown,Unknown,2020
414,Unknown,Unknown,2020
415,USA,USA,2020
416,USA,USA,2020
417,USA,USA,2020
418,USA,USA,2020
419,Unknown,Unknown,2020
420,USA,USA,2020
421,USA,USA,2020
422,USA,USA,2020
423,USA,USA,2020
424,United Kingdom,Europe,2020
425,USA,USA,2020
426,USA,USA,2020
427,USA,USA,2020
428,USA,USA,2020
429,USA,USA,2020
430,USA,USA,2020
431,USA,USA,2020
432,Unknown,Unknown,2020
433,USA,USA,2020
434,USA,USA,2020
435,USA,USA,2020
436,USA,USA,2020
437,USA,USA,2020
438,USA,USA,2020
439,USA,USA,2020
440,USA,USA,2020
441,USA,USA,2020
442,USA,USA,2020
443,USA,USA,2020
444,USA,USA,2020
445,USA,USA,2020
446,USA,USA,2020
447,USA,USA,2020
448,USA,USA,2020
449,USA,USA,2020
450,USA,USA,2020
451,USA,USA,2020
452,USA,USA,2020
453,USA,USA,2020
454,Unknown,Unknown,2020
455,USA,USA,2020
456,USA,USA,2020
457,Ireland,Europe,2020
458,USA,USA,2020
459,USA,USA,2020
460,USA,USA,2020
461,USA,USA,2020
462,USA,USA,2020
463,USA,USA,2020
464,Canada,Other Americas,2020
465,USA,USA,2020
466,USA,USA,2020
467,USA,USA,2020
468,USA,USA,2020
469,USA,USA,2020
470,USA,USA,2020
471,USA,USA,2020
472,USA,USA,2020
473,USA,USA,2020
474,USA,USA,2020
475,USA,USA,2020
476,USA,USA,2020
477,USA,USA,2020
478,USA,USA,2020
479,USA,USA,2020
480,China,Asia,2020
481,USA,USA,2020
482,USA,USA,2020
483,USA,USA,2020
484,USA,USA,2020
485,USA,USA,2020
486,Canada,Other Americas,2020
487,USA,USA,2020
488,United Kingdom,Europe,2020
489,USA,USA,2020
490,USA,USA,2020
491,USA,USA,2020
492,USA,USA,2020
493,USA,USA,2020
494,USA,USA,2020
495,USA,USA,2020
496,USA,USA,2020
497,USA,USA,2020
498,USA,USA,2020
499,Canada,Other Americas,2020
500,USA,USA,2020
501,USA,USA,2020
502,USA,USA,2020
503,USA,USA,2020
504,USA,USA,2020
505,USA,USA,2020
506,USA,USA,2020
507,USA,USA,2020
508,USA,USA,2020
509,USA,USA,2020
510,USA,USA,2020
511,USA,USA,2020
512,Canada,Other Americas,2020
513,Spain,Europe,2020
514,USA,USA,2020
515,USA,USA,2020
516,USA,USA,2020
517,USA,USA,2020
518,USA,USA,2020
519,USA,USA,2020
520,USA,USA,2020
521,USA,USA,2020
522,USA,USA,2020
523,USA,USA,2020
524,USA,USA,2020
525,USA,USA,2020
526,USA,USA,2020
527,USA,USA,2020
528,USA,USA,2020
529,USA,USA,2020
530,USA,USA,2020
531,USA,USA,2020
532,USA,USA,2020
533,USA,USA,2020
534,USA,USA,2020
535,USA,USA,2020
536,Unknown,Unknown,2020
537,USA,USA,2020
538,USA,USA,2020
539,Unknown,Unknown,2020
540,Unknown,Unknown,2020
541,USA,USA,2020
542,USA,USA,2020
543,USA,USA,2020
544,USA,USA,2020
545,USA,USA,2020
546,USA,USA,2020
547,USA,USA,2020
548,USA,USA,2020
549,USA,USA,2020
550,USA,USA,2020
551,USA,USA,2020
552,Canada,Other Americas,2020
553,USA,USA,2020
554,USA,USA,2020
555,USA,USA,2020
556,USA,USA,2020
557,USA,USA,2020
558,USA,USA,2020
559,USA,USA,2020
560,USA,USA,2020
561,USA,USA,2020
562,USA,USA,2020
563,USA,USA,2020
564,USA,USA,2020
565,USA,USA,2020
566,USA,USA,2020
567,USA,USA,2020
568,USA,USA,2020
569,USA,USA,2020
570,USA,USA,2020
571,USA,USA,2020
572,USA,USA,2020
573,Australia,Oceania,2020
574,USA,USA,2020
575,USA,USA,2020
576,USA,USA,2020
577,USA,USA,2020
578,USA,USA,2020
579,USA,USA,2020
580,Latvia,Europe,2020
581,Costa Rica,Other Americas,2020
582,USA,USA,2020
583,USA,USA,2020
584,Belgium,Europe,2020
585,USA,USA,2020
586,USA,USA,2020
587,USA,USA,2020
588,USA,USA,2020
589,Colombia,Other Americas,2020
590,USA,USA,2020
591,USA,USA,2020
592,USA,USA,2020
593,USA,USA,2020
594,USA,USA,2020
595,USA,USA,2020
596,USA,USA,2020
597,USA,USA,2020
598,USA,USA,2020
599,USA,USA,2020
600,USA,USA,2020
601,USA,USA,2020
602,USA,USA,2020
603,USA,USA,2020
604,USA,USA,2020
605,USA,USA,2020
606,United Kingdom,Europe,2020
607,USA,USA,2020
608,USA,USA,2020
609,USA,USA,2020
610,USA,USA,2020
611,USA,USA,2020
612,USA,USA,2020
613,USA,USA,2020
614,USA,USA,2020
615,USA,USA,2020
616,USA,USA,2020
617,USA,USA,2020
618,USA,USA,2020
619,United Kingdom,Europe,2020
620,USA,USA,2020
621,USA,USA,2020
622,USA,USA,2020
623,USA,USA,2020
624,USA,USA,2020
625,USA,USA,2020
626,USA,USA,2020
627,USA,USA,2020
628,USA,USA,2020
629,USA,USA,2020
630,USA,USA,2020
631,USA,USA,2020
632,USA,USA,2020
633,USA,USA,2020
634,USA,USA,2020
635,USA,USA,2020
636,USA,USA,2020
637,USA,USA,2020
638,USA,USA,2020
639,USA,USA,2020
640,USA,USA,2020
641,USA,USA,2020
642,USA,USA,2020
643,USA,USA,2020
644,USA,USA,2020
645,USA,USA,2020
646,USA,USA,2020
647,USA,USA,2020
648,USA,USA,2020
649,USA,USA,2020
650,USA,USA,2020
651,USA,USA,2020
652,USA,USA,2020
653,USA,USA,2020
654,USA,USA,2020
655,USA,USA,2020
656,USA,USA,2020
657,Australia,Oceania,2020
658,USA,USA,2020
659,USA,USA,2020
660,Australia,Oceania,2020
661,Taiwan,Asia,2020
662,Canada,Other Americas,2020
663,USA,USA,2020
664,USA,USA,2020
665,Germany,Europe,2020
666,USA,USA,2020
667,USA,USA,2020
668,USA,USA,2020
669,USA,USA,2020
670,USA,USA,2020
671,USA,USA,2020
672,USA,USA,2020
673,USA,USA,2020
674,USA,USA,2020
675,USA,USA,2020
676,USA,USA,2020
677,Chile,Other Americas,2020
678,USA,USA,2020
679,USA,USA,2020
680,Canada,Other Americas,2020
681,USA,USA,2020
682,Australia,Oceania,2020
683,USA,USA,2020
684,USA,USA,2020
685,USA,USA,2020
686,Australia,Oceania,2020
687,USA,USA,2020
688,USA,USA,2020
689,Unknown,Unknown,2020
690,USA,USA,2020
691,USA,USA,2020
692,USA,USA,2020
693,USA,USA,2020
694,USA,USA,2020
695,USA,USA,2020
696,USA,USA,2020
697,USA,USA,2020
698,USA,USA,2020
699,USA,USA,2020
700,USA,USA,2020
701,USA,USA,2020
702,USA,USA,2020
703,USA,USA,2020
704,USA,USA,2020
705,USA,USA,2020
706,USA,USA,2020
707,USA,USA,2020
708,USA,USA,2020
709,USA,USA,2020
710,USA,USA,2020
711,USA,USA,2020
712,USA,USA,2020
713,USA,USA,2020
714,Canada,Other Americas,2020
715,USA,USA,2020
716,USA,USA,2020
717,USA,USA,2020
718,USA,USA,2020
719,USA,USA,2020
720,USA,USA,2020
721,USA,USA,2020
722,Japan,Asia,2020
723,USA,USA,2020
724,USA,USA,2020
725,USA,USA,2020
726,USA,USA,2020
727,USA,USA,2020
728,United Kingdom,Europe,2020
729,USA,USA,2020
730,USA,USA,2020
731,USA,USA,2020
732,Spain,Europe,2020
733,USA,USA,2020
734,USA,USA,2020
735,USA,USA,2020
736,USA,USA,2020
737,USA,USA,2020
738,USA,USA,2020
739,USA,USA,2020
740,USA,USA,2020
741,USA,USA,2020
742,USA,USA,2020
743,USA,USA,2020
744,USA,USA,2020
745,USA,USA,2020
746,USA,USA,2020
747,USA,USA,2020
748,USA,USA,2020
749,USA,USA,2020
750,United Kingdom,Europe,2020
751,USA,USA,2020
752,USA,USA,2020
753,USA,USA,2020
754,USA,USA,2020
755,USA,USA,2020
756,Germany,Europe,2020
757,Russia,Europe,2020
758,Uruguay,Other Americas,2020
759,USA,USA,2020
760,USA,USA,2020
761,USA,USA,2020
762,USA,USA,2020
763,USA,USA,2020
764,USA,USA,2020
765,USA,USA,2020
766,USA,USA,2020
767,USA,USA,2020
768,USA,USA,2020
769,USA,USA,2020
770,USA,USA,2020
771,USA,USA,2020
772,USA,USA,2020
773,USA,USA,2020
774,USA,USA,2020
775,USA,USA,2020
776,USA,USA,2020
777,USA,USA,2020
778,Unknown,Unknown,2020
779,USA,USA,2020
780,USA,USA,2020
781,Germany,Europe,2020
782,USA,USA,2020
783,USA,USA,2020
784,USA,USA,2020
785,USA,USA,2020
786,USA,USA,2020
787,USA,USA,2020
788,USA,USA,2020
789,USA,USA,2020
790,USA,USA,2020
791,USA,USA,2020
792,USA,USA,2020
793,USA,USA,2020
794,USA,USA,2020
795,USA,USA,2020
796,Egypt,Africa,2020
797,USA,USA,2020
798,USA,USA,2020
799,USA,USA,2020
800,USA,USA,2020
801,Unknown,Unknown,2020
802,Unknown,Unknown,2020
803,USA,USA,2020
804,USA,USA,2020
805,USA,USA,2020
806,USA,USA,2020
807,United Kingdom,Europe,2020
808,USA,USA,2020
809,USA,USA,2020
810,USA,USA,2020
811,Unknown,Unknown,2020
812,USA,USA,2020
813,USA,USA,2020
814,USA,USA,2020
815,USA,USA,2020
816,USA,USA,2020
817,USA,USA,2020
818,USA,USA,2020
819,South Korea,Asia,2020
820,USA,USA,2020
821,USA,USA,2020
822,USA,USA,2020
823,USA,USA,2020
824,USA,USA,2020
825,USA,USA,2020
826,USA,USA,2020
827,USA,USA,2020
828,USA,USA,2020
829,USA,USA,2020
830,USA,USA,2020
831,Switzerland,Europe,2020
832,Canada,Other Americas,2020
833,USA,USA,2020
834,USA,USA,2020
835,USA,USA,2020
836,Greece,Europe,2020
837,Australia,Oceania,2020
838,Switzerland,Europe,2020
839,Germany,Europe,2020
840,United Kingdom,Europe,2020
841,USA,USA,2020
842,USA,USA,2020
843,USA,USA,2020
844,USA,USA,2020
845,Switzerland,Europe,2020
846,USA,USA,2020
847,USA,USA,2020
848,USA,USA,2020
849,USA,USA,2020
850,USA,USA,2020
851,USA,USA,2020
852,USA,USA,2020
853,Australia,Oceania,2020
854,USA,USA,2020
855,USA,USA,2020
856,USA,USA,2020
857,USA,USA,2020
858,Canada,Other Americas,2020
859,USA,USA,2020
860,USA,USA,2020
861,USA,USA,2020
862,USA,USA,2020
863,USA,USA,2020
864,USA,USA,2020
865,USA,USA,2020
866,Unknown,Unknown,2020
867,USA,USA,2020
868,Unknown,Unknown,2020
869,USA,USA,2020
870,Unknown,Unknown,2020
871,USA,USA,2020
872,USA,USA,2020
873,Canada,Other Americas,2020
874,USA,USA,2020
875,USA,USA,2020
876,Germany,Europe,2020
877,USA,USA,2020
878,USA,USA,2020
879,USA,USA,2020
880,USA,USA,2020
881,USA,USA,2020
882,Netherlands,Europe,2020
883,USA,USA,2020
884,USA,USA,2020
885,USA,USA,2020
886,USA,USA,2020
887,USA,USA,2020
888,USA,USA,2020
889,USA,USA,2020
890,Italy,Europe,2020
891,USA,USA,2020
892,USA,USA,2020
893,USA,USA,2020
894,USA,USA,2020
895,USA,USA,2020
896,USA,USA,2020
897,USA,USA,2020
898,Canada,Other Americas,2020
899,USA,USA,2020
900,USA,USA,2020
901,USA,USA,2020
902,USA,USA,2020
903,USA,USA,2020
904,USA,USA,2020
905,USA,USA,2020
906,Canada,Other Americas,2020
907,USA,USA,2020
908,Canada,Other Americas,2020
909,USA,USA,2020
910,Netherlands,Europe,2020
911,USA,USA,2020
912,Canada,Other Americas,2020
913,USA,USA,2020
914,USA,USA,2020
915,USA,USA,2020
916,Poland,Europe,2020
917,USA,USA,2020
918,USA,USA,2020
919,USA,USA,2020
920,USA,USA,2020
921,USA,USA,2020
922,USA,USA,2020
923,USA,USA,2020
924,USA,USA,2020
925,USA,USA,2020
926,USA,USA,2020
927,USA,USA,2020
928,USA,USA,2020
929,USA,USA,2020
930,South Korea,Asia,2020
931,France,Europe,2020
932,Australia,Oceania,2020
933,Spain,Europe,2020
934,Italy,Europe,2020
935,Australia,Oceania,2020
936,USA,USA,2020
937,USA,USA,2020
938,USA,USA,2020
939,USA,USA,2020
940,USA,USA,2020
941,France,Europe,2020
942,Australia,Oceania,2020
943,Canada,Other Americas,2020
944,Canada,Other Americas,2020
945,USA,USA,2020
946,USA,USA,2020
947,USA,USA,2020
948,USA,USA,2020
949,Canada,Other Americas,2020
950,USA,USA,2020
951,Canada,Other Americas,2020
952,USA,USA,2020
953,USA,USA,2020
954,USA,USA,2020
955,Canada,Other Americas,2020
956,Spain,Europe,2020
957,USA,USA,2020
958,Canada,Other Americas,2020
959,Canada,Other Americas,2020
960,USA,USA,2020
961,India,Asia,2020
962,Netherlands,Europe,2020
963,USA,USA,2020
964,USA,USA,2020
965,Canada,Other Americas,2020
966,USA,USA,2020
967,USA,USA,2020
968,USA,USA,2020
969,Canada,Other Americas,2020
970,USA,USA,2020
971,USA,USA,2020
972,USA,USA,2020
973,USA,USA,2020
974,USA,USA,2020
975,Spain,Europe,2020
976,USA,USA,2020
977,USA,USA,2020
978,USA,USA,2020
979,USA,USA,2020
980,USA,USA,2020
981,USA,USA,2020
982,United Kingdom,Europe,2020
983,USA,USA,2020
984,USA,USA,2020
985,USA,USA,2020
986,USA,USA,2020
987,Australia,Oceania,2020
988,USA,USA,2020
989,Australia,Oceania,2020
990,USA,USA,2020
991,USA,USA,2020
992,USA,USA,2020
993,USA,USA,2020
994,Spain,Europe,2020
995,USA,USA,2020
996,Japan,Asia,2020
997,USA,USA,2020
998,USA,USA,2020
999,Hungary,Europe,2020
1000,USA,USA,2020
1001,USA,USA,2020
1002,USA,USA,2020
1003,Australia,Oceania,2020
1004,USA,USA,2020
1005,USA,USA,2020
1006,USA,USA,2020
1007,South Korea,Asia,2020
1008,USA,USA,2020
1009,USA,USA,2020
1010,USA,USA,2020
1011,USA,USA,2020
1012,Canada,Other Americas,2020
1013,USA,USA,2020
1014,Australia,Oceania,2020
1015,Canada,Other Americas,2020
1016,USA,USA,2020
1017,Canada,Other Americas,2020
1018,USA,USA,2020
1019,USA,USA,2020
1020,Switzerland,Europe,2020
1021,Poland,Europe,2020
1022,USA,USA,2020
1023,Sweden,Europe,2020
1024,Japan,Asia,2020
1025,USA,USA,2020
1026,USA,USA,2020
1027,USA,USA,2020
1028,USA,USA,2020
1029,USA,USA,2020
1030,USA,USA,2020
1031,USA,USA,2020
1032,USA,USA,2020
1033,USA,USA,2020
1034,Unknown,Unknown,2020
1035,USA,USA,2020
1036,Canada,Other Americas,2020
1037,Mexico,Other Americas,2020
1038,USA,USA,2020
1039,USA,USA,2020
1040,USA,USA,2020
1041,USA,USA,2020
1042,USA,USA,2020
1043,USA,USA,2020
1044,USA,USA,2020
1045,USA,USA,2020
1046,United Kingdom,Europe,2020
1047,United Kingdom,Europe,2020
1048,USA,USA,2020
1049,Canada,Other Americas,2020
1050,USA,USA,2020
1051,USA,USA,2020
1052,USA,USA,2020
1053,USA,USA,2020
1054,USA,USA,2020
1055,USA,USA,2020
1056,USA,USA,2020
1057,USA,USA,2020
1058,USA,USA,2020
1059,USA,USA,2020
1060,USA,USA,2020
1061,USA,USA,2020
1062,USA,USA,2020
1063,USA,USA,2020
1064,USA,USA,2020
1065,USA,USA,2020
1066,USA,USA,2020
1067,USA,USA,2020
1068,USA,USA,2020
1069,USA,USA,2020
1070,USA,USA,2020
1071,USA,USA,2020
1072,USA,USA,2020
1073,USA,USA,2020
1074,USA,USA,2020
1075,USA,USA,2020
1076,USA,USA,2020
1077,Australia,Oceania,2020
1078,USA,USA,2020
1079,USA,USA,2020
1080,USA,USA,2020
1081,USA,USA,2020
1082,USA,USA,2020
1083,USA,USA,2020
1084,USA,USA,2020
1085,USA,USA,2020
1086,USA,USA,2020
1087,USA,USA,2020
1088,USA,USA,2020
1089,USA,USA,2020
1090,USA,USA,2020
1091,USA,USA,2020
1092,Canada,Other Americas,2020
1093,USA,USA,2020
1094,USA,USA,2020
1095,USA,USA,2020
1096,USA,USA,2020
1097,Australia,Oceania,2020
1098,USA,USA,2020
1099,USA,USA,2020
1100,USA,USA,2020
1101,Russia,Europe,2020
1102,USA,USA,2020
1103,USA,USA,2020
1104,USA,USA,2020
1105,USA,USA,2020
1106,USA,USA,2020
1107,USA,USA,2020
1108,USA,USA,2020
1109,USA,USA,2020
1110,USA,USA,2020
1111,USA,USA,2020
1112,USA,USA,2020
1113,USA,USA,2020
1114,USA,USA,2020
1115,USA,USA,2020
1116,USA,USA,2020
1117,USA,USA,2020
1118,USA,USA,2020
1119,USA,USA,2020
1120,USA,USA,2020
1121,USA,USA,2020
1122,USA,USA,2020
1123,USA,USA,2020
1124,USA,USA,2020
1125,USA,USA,2020
1126,USA,USA,2020
1127,USA,USA,2020
1128,Germany,Europe,2020
1129,USA,USA,2020
1130,USA,USA,2020
1131,USA,USA,2020
1132,USA,USA,2020
1133,Unknown,Unknown,2020
1134,USA,USA,2020
1135,USA,USA,2020
1136,USA,USA,2020
1137,USA,USA,2020
1138,USA,USA,2020
1139,USA,USA,2020
1140,USA,USA,2020
1141,USA,USA,2020
1142,USA,USA,2020
1143,USA,USA,2020
1144,USA,USA,2020
1145,USA,USA,2020
1146,USA,USA,2020
1147,USA,USA,2020
1148,USA,USA,2020
1149,USA,USA,2020
1150,USA,USA,2020
1151,USA,USA,2020
1152,USA,USA,2020
1153,Brazil,Other Americas,2020
1154,USA,USA,2020
1155,USA,USA,2020
1156,USA,USA,2020
1157,USA,USA,2020
1158,USA,USA,2020
1159,USA,USA,2020
1160,USA,USA,2020
1161,South Korea,Asia,2020
1162,USA,USA,2020
1163,USA,USA,2020
1164,USA,USA,2020
1165,USA,USA,2020
1166,USA,USA,2020
1167,USA,USA,2020
1168,USA,USA,2020
1169,USA,USA,2020
1170,USA,USA,2020
1171,USA,USA,2020
1172,USA,USA,2020
1173,USA,USA,2020
1174,USA,USA,2020
1175,United Kingdom,Europe,2020
1176,USA,USA,2020
1177,USA,USA,2020
1178,Canada,Other Americas,2020
1179,USA,USA,2020
1180,USA,USA,2020
1181,United Kingdom,Europe,2020
1182,USA,USA,2020
1183,USA,USA,2020
1184,USA,USA,2020
1185,USA,USA,2020
1186,USA,USA,2020
1187,Japan,Asia,2020
1188,USA,USA,2020
1189,USA,USA,2020
1190,USA,USA,2020
1191,USA,USA,2020
1192,USA,USA,2020
1193,USA,USA,2020
1194,USA,USA,2020
1195,USA,USA,2020
1196,USA,USA,2020
1197,USA,USA,2020
1198,USA,USA,2020
1199,USA,USA,2020
1200,USA,USA,2020
1201,USA,USA,2020
1202,USA,USA,2020
1203,USA,USA,2020
1204,USA,USA,2020
1205,USA,USA,2020
1206,USA,USA,2020
1207,USA,USA,2020
1208,USA,USA,2020
1209,USA,USA,2020
1210,USA,USA,2020
1211,USA,USA,2020
1212,USA,USA,2020
1213,USA,USA,2020
1214,USA,USA,2020
1215,USA,USA,2020
1216,USA,USA,2020
1217,USA,USA,2020
1218,USA,USA,2020
1219,USA,USA,2020
1220,USA,USA,2020
1221,USA,USA,2020
1222,USA,USA,2020
1223,Canada,Other Americas,2020
1224,USA,USA,2020
1225,USA,USA,2020
1226,USA,USA,2020
1227,USA,USA,2020
1228,USA,USA,2020
1229,USA,USA,2020
1230,USA,USA,2020
1231,USA,USA,2020
1232,USA,USA,2020
1233,USA,USA,2020
1234,USA,USA,2020
1235,Canada,Other Americas,2020
1236,USA,USA,2020
1237,USA,USA,2020
1238,USA,USA,2020
1239,USA,USA,2020
1240,USA,USA,2020
1241,USA,USA,2020
1242,USA,USA,2020
1243,USA,USA,2020
1244,USA,USA,2020
1245,USA,USA,2020
1246,Unknown,Unknown,2020
1247,USA,USA,2020
1248,USA,USA,2020
1249,USA,USA,2020
1250,USA,USA,2020
1251,USA,USA,2020
1252,USA,USA,2020
1253,USA,USA,2020
1254,USA,USA,2020
1255,USA,USA,2020
1256,USA,USA,2020
1257,Canada,Other Americas,2020
1258,USA,USA,2020
1259,USA,USA,2020
1260,Canada,Other Americas,2020
1261,Chile,Other Americas,2020
1262,Netherlands,Europe,2020
1263,USA,USA,2020
1264,USA,USA,2020
1265,USA,USA,2020
1266,USA,USA,2020
1267,USA,USA,2020
1268,USA,USA,2020
1269,USA,USA,2020
1270,USA,USA,2020
1271,United Kingdom,Europe,2020
1272,USA,USA,2020
1273,USA,USA,2020
1274,USA,USA,2020
1275,USA,USA,2020
1276,USA,USA,2020
1277,USA,USA,2020
1278,USA,USA,2020
1279,USA,USA,2020
1280,USA,USA,2020
1281,USA,USA,2020
1282,USA,USA,2020
1283,USA,USA,2020
1284,USA,USA,2020
1285,USA,USA,2020
1286,USA,USA,2020
1287,USA,USA,2020
1288,USA,USA,2020
1289,USA,USA,2020
1290,USA,USA,2020
1291,USA,USA,2020
1292,USA,USA,2020
1293,India,Asia,2020
1294,USA,USA,2020
1295,USA,USA,2020
1296,USA,USA,2020
1297,USA,USA,2020
1298,USA,USA,2020
1299,USA,USA,2020
1300,USA,USA,2020
1301,USA,USA,2020
1302,USA,USA,2020
1303,Italy,Europe,2020
1304,Unknown,Unknown,2020
1305,Chile,Other Americas,2020
1306,Chile,Other Americas,2020
1307,United Kingdom,Europe,2020
1308,Spain,Europe,2020
1309,USA,USA,2020
1310,United Kingdom,Europe,2020
1311,United Kingdom,Europe,2020
1312,USA,USA,2020
1313,USA,USA,2020
1314,USA,USA,2020
1315,United Kingdom,Europe,2020
1316,USA,USA,2020
1317,USA,USA,2020
1318,Germany,Europe,2020
1319,Netherlands,Europe,2020
1320,United Kingdom,Europe,2020
1321,USA,USA,2020
1322,USA,USA,2020
1323,USA,USA,2020
1324,USA,USA,2020
1325,Germany,Europe,2020
1326,USA,USA,2020
1327,United Kingdom,Europe,2020
1328,USA,USA,2020
1329,USA,USA,2020
1330,USA,USA,2020
1331,USA,USA,2020
1332,USA,USA,2020
1333,USA,USA,2020
1334,USA,USA,2020
1335,Canada,Other Americas,2020
1336,South Korea,Asia,2020
1337,India,Asia,2020
1338,Ethiopia,Africa,2020
1339,USA,USA,2020
1340,USA,USA,2020
1341,USA,USA,2020
1342,USA,USA,2020
1343,USA,USA,2020
1344,USA,USA,2020
1345,USA,USA,2020
1346,USA,USA,2020
1347,USA,USA,2020
1348,USA,USA,2020
1349,USA,USA,2020
1350,USA,USA,2020
1351,USA,USA,2020
1352,USA,USA,2020
1353,USA,USA,2020
1354,USA,USA,2020
1355,USA,USA,2020
1356,USA,USA,2020
1357,USA,USA,2020
1358,USA,USA,2020
1359,USA,USA,2020
1360,USA,USA,2020
1361,USA,USA,2020
1362,USA,USA,2020
1363,USA,USA,2020
1364,Unknown,Unknown,2020
1365,USA,USA,2020
1366,USA,USA,2020
1367,USA,USA,2020
1368,USA,USA,2020
1369,USA,USA,2020
1370,USA,USA,2020
1371,USA,USA,2020
1372,USA,USA,2020
1373,USA,USA,2020
1374,USA,USA,2020
1375,USA,USA,2020
1376,USA,USA,2020
1377,USA,USA,2020
1378,USA,USA,2020
1379,USA,USA,2020
1380,USA,USA,2020
1381,USA,USA,2020
1382,USA,USA,2020
1383,USA,USA,2020
1384,USA,USA,2020
1385,USA,USA,2020
1386,USA,USA,2020
1387,Australia,Oceania,2020
1388,South Korea,Asia,2020
1389,USA,USA,2020
1390,USA,USA,2020
1391,USA,USA,2020
1392,USA,USA,2020
1393,USA,USA,2020
1394,USA,USA,2020
1395,USA,USA,2020
1396,USA,USA,2020
1397,USA,USA,2020
1398,USA,USA,2020
1399,USA,USA,2020
1400,USA,USA,2019
1401,USA,USA,2019
1402,USA,USA,2019
1403,USA,USA,2019
1404,Unknown,Unknown,2019
1405,Unknown,Unknown,2019
1406,USA,USA,2019
1407,USA,USA,2019
1408,USA,USA,2019
1409,Unknown,Unknown,2019
1410,Germany,Europe,2019
1411,Unknown,Unknown,2019
1412,USA,USA,2019
1413,Japan,Asia,2019
1414,USA,USA,2019
1415,USA,USA,2019
1416,USA,USA,2019
1417,USA,USA,2019
1418,South Korea,Asia,2019
1419,Germany,Europe,2019
1420,USA,USA,2019
1421,USA,USA,2019
1422,USA,USA,2019
1423,Iraq,Middle East,2019
1424,USA,USA,2019
1425,USA,USA,2019
1426,USA,USA,2019
1427,USA,USA,2019
1428,USA,USA,2019
1429,USA,USA,2019
1430,USA,USA,2019
1431,USA,USA,2019
1432,USA,USA,2019
1433,USA,USA,2019
1434,USA,USA,2019
1435,USA,USA,2019
1436,USA,USA,2019
1437,USA,USA,2019
1438,USA,USA,2019
1439,USA,USA,2019
1440,Unknown,Unknown,2019
1441,USA,USA,2019
1442,USA,USA,2019
1443,USA,USA,2019
1444,India,Asia,2019
1445,Unknown,Unknown,2019
1446,Unknown,Unknown,2019
1447,Unknown,Unknown,2019
1448,USA,USA,2019
1449,USA,USA,2019
1450,USA,USA,2019
1451,USA,USA,2019
1452,USA,USA,2019
1453,USA,USA,2019
1454,USA,USA,2019
1455,USA,USA,2019
1456,USA,USA,2019
1457,USA,USA,2019
1458,USA,USA,2019
1459,USA,USA,2019
1460,USA,USA,2019
1461,United Kingdom,Europe,2019
1462,USA,USA,2019
1463,USA,USA,2019
1464,USA,USA,2019
1465,USA,USA,2019
1466,USA,USA,2019
1467,USA,USA,2019
1468,USA,USA,2019
1469,USA,USA,2019
1470,USA,USA,2019
1471,USA,USA,2019
1472,USA,USA,2019
1473,USA,USA,2019
1474,USA,USA,2019
1475,USA,USA,2019
1476,USA,USA,2019
1477,Unknown,Unknown,2019
1478,Unknown,Unknown,2019
1479,USA,USA,2019
1480,USA,USA,2019
1481,USA,USA,2019
1482,USA,USA,2019
1483,Unknown,Unknown,2019
1484,USA,USA,2019
1485,USA,USA,2019
1486,USA,USA,2019
1487,Colombia,Other Americas,2019
1488,USA,USA,2019
1489,USA,USA,2019
1490,Unknown,Unknown,2019
1491,Unknown,Unknown,2019
1492,USA,USA,2019
1493,United Kingdom,Europe,2019
1494,USA,USA,2019
1495,Unknown,Unknown,2019
1496,Unknown,Unknown,2019
1497,Unknown,Unknown,2019
1498,Unknown,Unknown,2019
1499,Unknown,Unknown,2019
1500,Unknown,Unknown,2019
1501,Unknown,Unknown,2019
1502,Unknown,Unknown,2019
1503,USA,USA,2019
1504,USA,USA,2019
1505,USA,USA,2019
1506,USA,USA,2019
1507,USA,USA,2019
1508,United Kingdom,Europe,2019
1509,USA,USA,2019
1510,Unknown,Unknown,2019
1511,USA,USA,2019
1512,Unknown,Unknown,2019
1513,Unknown,Unknown,2019
1514,Unknown,Unknown,2019
1515,USA,USA,2019
1516,Unknown,Unknown,2019
1517,Unknown,Unknown,2019
1518,Unknown,Unknown,2019
1519,USA,USA,2019
1520,USA,USA,2019
1521,USA,USA,2019
1522,USA,USA,2019
1523,USA,USA,2019
1524,USA,USA,2019
1525,USA,USA,2019
1526,USA,USA,2019
1527,USA,USA,2019
1528,USA,USA,2019
1529,USA,USA,2019
1530,USA,USA,2019
1531,USA,USA,2019
1532,USA,USA,2019
1533,USA,USA,2019
1534,USA,USA,2019
1535,USA,USA,2019
1536,USA,USA,2019
1537,USA,USA,2019
1538,USA,USA,2019
1539,USA,USA,2019
1540,USA,USA,2019
1541,United Kingdom,Europe,2019
1542,Russia,Europe,2019
1543,USA,USA,2019
1544,USA,USA,2019
1545,USA,USA,2019
1546,USA,USA,2019
1547,USA,USA,2019
1548,USA,USA,2019
1549,USA,USA,2019
1550,USA,USA,2019
1551,USA,USA,2019
1552,USA,USA,2019
1553,USA,USA,2019
1554,USA,USA,2019
1555,USA,USA,2019
1556,Unknown,Unknown,2019
1557,China,Asia,2019
1558,Canada,Other Americas,2019
1559,Unknown,Unknown,2019
1560,Unknown,Unknown,2019
1561,Unknown,Unknown,2019
1562,Unknown,Unknown,2019
1563,Unknown,Unknown,2019
1564,Unknown,Unknown,2019
1565,USA,USA,2019
1566,USA,USA,2019
1567,USA,USA,2019
1568,USA,USA,2019
1569,USA,USA,2019
1570,USA,USA,2019
1571,USA,USA,2019
1572,USA,USA,2019
1573,USA,USA,2019
1574,USA,USA,2019
1575,USA,USA,2019
1576,USA,USA,2019
1577,USA,USA,2019
1578,USA,USA,2019
1579,USA,USA,2019
1580,USA,USA,2019
1581,USA,USA,2019
1582,USA,USA,2019
1583,USA,USA,2019
1584,USA,USA,2019
1585,USA,USA,2019
1586,USA,USA,2019
1587,USA,USA,2019
1588,USA,USA,2019
1589,USA,USA,2019
1590,Unknown,Unknown,2019
1591,USA,USA,2019
1592,USA,USA,2019
1593,USA,USA,2019
1594,Unknown,Unknown,2019
1595,USA,USA,2019
1596,USA,USA,2019
1597,USA,USA,2019
1598,USA,USA,2019
1599,USA,USA,2019
1600,Unknown,Unknown,2019
1601,Canada,Other Americas,2019
1602,USA,USA,2019
1603,USA,USA,2019
1604,USA,USA,2019
1605,United Kingdom,Europe,2019
1606,Unknown,Unknown,2019
1607,USA,USA,2019
1608,USA,USA,2019
1609,USA,USA,2019
1610,USA,USA,2019
1611,USA,USA,2019
1612,Australia,Oceania,2019
1613,USA,USA,2019
1614,USA,USA,2019
1615,Unknown,Unknown,2019
1616,USA,USA,2019
1617,USA,USA,2019
1618,USA,USA,2019
1619,Unknown,Unknown,2019
1620,USA,USA,2019
1621,USA,USA,2019
1622,USA,USA,2019
1623,Unknown,Unknown,2019
1624,USA,USA,2019
1625,USA,USA,2019
1626,USA,USA,2019
1627,USA,USA,2019
1628,USA,USA,2019
1629,USA,USA,2019
1630,USA,USA,2019
1631,Unknown,Unknown,2019
1632,USA,USA,2019
1633,USA,USA,2019
1634,USA,USA,2019
1635,USA,USA,2019
1636,USA,USA,2019
1637,Unknown,Unknown,2019
1638,Unknown,Unknown,2019
1639,USA,USA,2019
1640,Canada,Other Americas,2019
1641,USA,USA,2019
1642,USA,USA,2019
1643,USA,USA,2019
1644,USA,USA,2019
1645,Canada,Other Americas,2019
1646,USA,USA,2019
1647,USA,USA,2019
1648,USA,USA,2019
1649,USA,USA,2019
1650,Switzerland,Europe,2019
1651,USA,USA,2019
1652,USA,USA,2019
1653,USA,USA,2019
1654,USA,USA,2019
1655,USA,USA,2019
1656,USA,USA,2019
1657,USA,USA,2019
1658,USA,USA,2019
1659,USA,USA,2019
1660,USA,USA,2019
1661,USA,USA,2019
1662,USA,USA,2019
1663,USA,USA,2019
1664,USA,USA,2019
1665,USA,USA,2019
1666,Canada,Other Americas,2019
1667,USA,USA,2019
1668,USA,USA,2019
1669,USA,USA,2019
1670,Holy See (Vatican City),Europe,2019
1671,USA,USA,2019
1672,USA,USA,2019
1673,USA,USA,2019
1674,USA,USA,2019
1675,USA,USA,2019
1676,USA,USA,2019
1677,USA,USA,2019
1678,USA,USA,2019
1679,USA,USA,2019
1680,USA,USA,2019
1681,Unknown,Unknown,2019
1682,Unknown,Unknown,2019
1683,USA,USA,2019
1684,USA,USA,2019
1685,USA,USA,2019
1686,USA,USA,2019
1687,Unknown,Unknown,2019
1688,USA,USA,2019
1689,USA,USA,2019
1690,USA,USA,2019
1691,USA,USA,2019
1692,USA,USA,2019
1693,USA,USA,2019
1694,USA,USA,2019
1695,USA,USA,2019
1696,Unknown,Unknown,2019
1697,Unknown,Unknown,2019
1698,Unknown,Unknown,2019
1699,Unknown,Unknown,2019
1700,Unknown,Unknown,2019
1701,USA,USA,2019
1702,USA,USA,2019
1703,USA,USA,2019
1704,USA,USA,2019
1705,USA,USA,2019
1706,USA,USA,2019
1707,USA,USA,2019
1708,USA,USA,2019
1709,USA,USA,2019
1710,USA,USA,2019
1711,USA,USA,2019
1712,USA,USA,2019
1713,USA,USA,2019
1714,USA,USA,2019
1715,USA,USA,2019
1716,USA,USA,2019
1717,USA,USA,2019
1718,USA,USA,2019
1719,USA,USA,2019
1720,USA,USA,2019
1721,USA,USA,2019
1722,USA,USA,2019
1723,USA,USA,2019
1724,USA,USA,2019
1725,USA,USA,2019
1726,USA,USA,2019
1727,USA,USA,2019
1728,USA,USA,2019
1729,USA,USA,2019
1730,USA,USA,2019
1731,USA,USA,2019
1732,USA,USA,2019
1733,USA,USA,2019
1734,USA,USA,2019
1735,USA,USA,2019
1736,USA,USA,2019
1737,USA,USA,2019
1738,USA,USA,2019
1739,USA,USA,2019
1740,USA,USA,2019
1741,USA,USA,2019
1742,USA,USA,2019
1743,USA,USA,2019
1744,USA,USA,2019
1745,USA,USA,2019
1746,USA,USA,2019
1747,USA,USA,2019
1748,USA,USA,2019
1749,USA,USA,2019
1750,USA,USA,2019
1751,USA,USA,2019
1752,USA,USA,2019
1753,USA,USA,2019
1754,USA,USA,2019
1755,USA,USA,2019
1756,USA,USA,2019
1757,USA,USA,2019
1758,USA,USA,2019
1759,USA,USA,2019
1760,USA,USA,2019
1761,USA,USA,2019
1762,USA,USA,2019
1763,USA,USA,2019
1764,Unknown,Unknown,2019
1765,Unknown,Unknown,2019
1766,USA,USA,2019
1767,USA,USA,2019
1768,USA,USA,2019
1769,USA,USA,2019
1770,USA,USA,2019
1771,USA,USA,2019
1772,USA,USA,2019
1773,USA,USA,2019
1774,USA,USA,2019
1775,USA,USA,2019
1776,USA,USA,2019
1777,USA,USA,2019
1778,USA,USA,2019
1779,USA,USA,2019
1780,USA,USA,2019
1781,USA,USA,2019
1782,USA,USA,2019
1783,USA,USA,2019
1784,USA,USA,2019
1785,USA,USA,2019
1786,USA,USA,2019
1787,USA,USA,2019
1788,USA,USA,2019
1789,USA,USA,2019
1790,USA,USA,2019
1791,USA,USA,2019
1792,USA,USA,2019
1793,USA,USA,2019
1794,USA,USA,2019
1795,USA,USA,2019
1796,USA,USA,2019
1797,USA,USA,2019
1798,Mexico,Other Americas,2019
1799,Unknown,Unknown,2019
1800,USA,USA,2019
1801,USA,USA,2019
1802,USA,USA,2019
1803,USA,USA,2019
1804,USA,USA,2019
1805,USA,USA,2019
1806,USA,USA,2019
1807,USA,USA,2019
1808,USA,USA,2019
1809,USA,USA,2019
1810,South Korea,Asia,2019
1811,USA,USA,2019
1812,USA,USA,2019
1813,USA,USA,2019
1814,USA,USA,2019
1815,Belgium,Europe,2019
1816,USA,USA,2019
1817,USA,USA,2019
1818,USA,USA,2019
1819,USA,USA,2019
1820,USA,USA,2019
1821,USA,USA,2019
1822,USA,USA,2019
1823,USA,USA,2019
1824,USA,USA,2019
1825,USA,USA,2019
1826,USA,USA,2019
1827,Unknown,Unknown,2019
1828,USA,USA,2019
1829,Unknown,Unknown,2019
1830,USA,USA,2019
1831,USA,USA,2019
1832,Unknown,Unknown,2019
1833,USA,USA,2019
1834,USA,USA,2019
1835,USA,USA,2019
1836,USA,USA,2019
1837,USA,USA,2019
1838,USA,USA,2019
1839,USA,USA,2019
1840,USA,USA,2019
1841,USA,USA,2019
1842,France,Europe,2019
1843,USA,USA,2019
1844,USA,USA,2019
1845,USA,USA,2019
1846,United Kingdom,Europe,2019
1847,Japan,Asia,2019
1848,USA,USA,2019
1849,USA,USA,2019
1850,USA,USA,2019
1851,USA,USA,2019
1852,USA,USA,2019
1853,USA,USA,2019
1854,USA,USA,2019
1855,USA,USA,2019
1856,South Korea,Asia,2019
1857,USA,USA,2019
1858,USA,USA,2019
1859,USA,USA,2019
1860,USA,USA,2019
1861,USA,USA,2019
1862,USA,USA,2019
1863,USA,USA,2019
1864,USA,USA,2019
1865,South Korea,Asia,2019
1866,USA,USA,2019
1867,USA,USA,2019
1868,USA,USA,2019
1869,USA,USA,2019
1870,USA,USA,2019
1871,Unknown,Unknown,2019
1872,USA,USA,2019
1873,Unknown,Unknown,2019
1874,USA,USA,2019
1875,USA,USA,2019
1876,China,Asia,2019
1877,USA,USA,2019
1878,USA,USA,2019
1879,USA,USA,2019
1880,USA,USA,2019
1881,USA,USA,2019
1882,USA,USA,2019
1883,USA,USA,2019
1884,USA,USA,2019
1885,USA,USA,2019
1886,USA,USA,2019
1887,USA,USA,2019
1888,USA,USA,2019
1889,USA,USA,2019
1890,USA,USA,2019
1891,USA,USA,2019
1892,USA,USA,2019
1893,USA,USA,2019
1894,USA,USA,2019
1895,USA,USA,2019
1896,USA,USA,2019
1897,USA,USA,2019
1898,USA,USA,2019
1899,USA,USA,2019
1900,USA,USA,2019
1901,USA,USA,2019
1902,USA,USA,2019
1903,USA,USA,2019
1904,USA,USA,2019
1905,USA,USA,2019
1906,USA,USA,2019
1907,USA,USA,2019
1908,USA,USA,2019
1909,USA,USA,2019
1910,USA,USA,2019
1911,USA,USA,2019
1912,USA,USA,2019
1913,USA,USA,2019
1914,USA,USA,2019
1915,USA,USA,2019
1916,USA,USA,2019
1917,USA,USA,2019
1918,USA,USA,2019
1919,USA,USA,2019
1920,China,Asia,2019
1921,USA,USA,2019
1922,USA,USA,2019
1923,USA,USA,2019
1924,USA,USA,2019
1925,USA,USA,2019
1926,Australia,Oceania,2019
1927,USA,USA,2019
1928,USA,USA,2019
1929,USA,USA,2019
1930,USA,USA,2019
1931,USA,USA,2019
1932,USA,USA,2019
1933,USA,USA,2019
1934,USA,USA,2019
1935,USA,USA,2019
1936,USA,USA,2019
1937,USA,USA,2019
1938,USA,USA,2019
1939,USA,USA,2019
1940,USA,USA,2019
1941,USA,USA,2019
1942,USA,USA,2019
1943,USA,USA,2019
1944,USA,USA,2019
1945,USA,USA,2019
1946,USA,USA,2019
1947,USA,USA,2019
1948,USA,USA,2019
1949,USA,USA,2019
1950,USA,USA,2019
1951,USA,USA,2019
1952,USA,USA,2019
1953,USA,USA,2019
1954,USA,USA,2019
1955,USA,USA,2019
1956,USA,USA,2019
1957,USA,USA,2019
1958,USA,USA,2019
1959,USA,USA,2019
1960,USA,USA,2019
1961,USA,USA,2019
1962,USA,USA,2019
1963,USA,USA,2019
1964,South Korea,Asia,2019
1965,USA,USA,2019
1966,USA,USA,2019
1967,USA,USA,2019
1968,USA,USA,2019
1969,USA,USA,2019
1970,USA,USA,2019
1971,USA,USA,2019
1972,USA,USA,2019
1973,USA,USA,2019
1974,USA,USA,2019
1975,USA,USA,2019
1976,USA,USA,2019
1977,USA,USA,2019
1978,USA,USA,2019
1979,USA,USA,2019
1980,USA,USA,2019
1981,USA,USA,2019
1982,USA,USA,2019
1983,USA,USA,2019
1984,USA,USA,2019
1985,USA,USA,2019
1986,USA,USA,2019
1987,USA,USA,2019
1988,USA,USA,2019
1989,USA,USA,2019
1990,USA,USA,2019
1991,United Kingdom,Europe,2019
1992,USA,USA,2019
1993,USA,USA,2019
1994,USA,USA,2019
1995,USA,USA,2019
1996,USA,USA,2019
1997,USA,USA,2019
1998,USA,USA,2019
1999,USA,USA,2019
2000,USA,USA,2019
2001,USA,USA,2019
2002,USA,USA,2019
2003,USA,USA,2019
2004,USA,USA,2019
2005,USA,USA,2019
2006,USA,USA,2019
2007,USA,USA,2019
2008,USA,USA,2019
2009,USA,USA,2019
2010,USA,USA,2019
2011,USA,USA,2019
2012,USA,USA,2019
2013,USA,USA,2019
2014,USA,USA,2019
2015,USA,USA,2019
2016,USA,USA,2019
2017,USA,USA,2019
2018,South Korea,Asia,2019
2019,USA,USA,2019
2020,USA,USA,2019
2021,USA,USA,2019
2022,USA,USA,2019
2023,USA,USA,2019
2024,USA,USA,2019
2025,USA,USA,2019
2026,China,Asia,2019
2027,Unknown,Unknown,2019
2028,USA,USA,2019
2029,USA,USA,2019
2030,Germany,Europe,2019
2031,USA,USA,2019
2032,USA,USA,2019
2033,USA,USA,2019
2034,USA,USA,2019
2035,USA,USA,2019
2036,USA,USA,2019
2037,USA,USA,2019
2038,USA,USA,2019
2039,USA,USA,2019
2040,USA,USA,2019
2041,USA,USA,2019
2042,USA,USA,2019
2043,USA,USA,2019
2044,USA,USA,2019
2045,USA,USA,2019
2046,USA,USA,2019
2047,USA,USA,2019
2048,USA,USA,2019
2049,USA,USA,2019
2050,USA,USA,2019
2051,Unknown,Unknown,2019
2052,USA,USA,2019
2053,USA,USA,2019
2054,USA,USA,2019
2055,USA,USA,2019
2056,USA,USA,2019
2057,USA,USA,2019
2058,USA,USA,2019
2059,USA,USA,2019
2060,Netherlands,Europe,2019
2061,USA,USA,2019
2062,USA,USA,2019
2063,USA,USA,2019
2064,USA,USA,2019
2065,United Kingdom,Europe,2019
2066,USA,USA,2019
2067,Germany,Europe,2019
2068,USA,USA,2019
2069,USA,USA,2019
2070,USA,USA,2019
2071,USA,USA,2019
2072,USA,USA,2019
2073,USA,USA,2019
2074,USA,USA,2019
2075,USA,USA,2019
2076,USA,USA,2019
2077,USA,USA,2019
2078,USA,USA,2019
2079,USA,USA,2019
2080,Canada,Other Americas,2019
2081,USA,USA,2019
2082,USA,USA,2019
2083,United Kingdom,Europe,2019
2084,USA,USA,2019
2085,USA,USA,2019
2086,USA,USA,2019
2087,USA,USA,2019
2088,USA,USA,2019
2089,USA,USA,2019
2090,USA,USA,2019
2091,Japan,Asia,2019
2092,Germany,Europe,2019
2093,USA,USA,2019
2094,USA,USA,2019
2095,USA,USA,2019
2096,USA,USA,2019
2097,USA,USA,2019
2098,USA,USA,2019
2099,USA,USA,2019
2100,USA,USA,2019
2101,USA,USA,2019
2102,USA,USA,2019
2103,USA,USA,2019
2104,USA,USA,2019
2105,USA,USA,2019
2106,USA,USA,2019
2107,USA,USA,2019
2108,USA,USA,2019
2109,USA,USA,2019
2110,USA,USA,2019
2111,USA,USA,2019
2112,USA,USA,2019
2113,USA,USA,2019
2114,USA,USA,2019
2115,USA,USA,2019
2116,USA,USA,2019
2117,USA,USA,2019
2118,USA,USA,2019
2119,USA,USA,2019
2120,USA,USA,2019
2121,USA,USA,2019
2122,USA,USA,2019
2123,USA,USA,2019
2124,USA,USA,2019
2125,USA,USA,2019
2126,USA,USA,2019
2127,USA,USA,2019
2128,USA,USA,2019
2129,USA,USA,2019
2130,USA,USA,2019
2131,USA,USA,2019
2132,USA,USA,2019
2133,Australia,Oceania,2019
2134,USA,USA,2019
2135,USA,USA,2019
2136,USA,USA,2019
2137,USA,USA,2019
2138,USA,USA,2019
2139,USA,USA,2019
2140,USA,USA,2019
2141,USA,USA,2019
2142,USA,USA,2019
2143,USA,USA,2019
2144,USA,USA,2019
2145,USA,USA,2019
2146,USA,USA,2019
2147,USA,USA,2019
2148,USA,USA,2019
2149,USA,USA,2019
2150,USA,USA,2019
2151,USA,USA,2019
2152,United Kingdom,Europe,2019
2153,USA,USA,2018
2154,USA,USA,2018
2155,USA,USA,2018
2156,USA,USA,2018
2157,USA,USA,2018
2158,USA,USA,2018
2159,Unknown,Unknown,2018
2160,USA,USA,2018
2161,USA,USA,2018
2162,USA,USA,2018
2163,USA,USA,2018
2164,USA,USA,2018
2165,USA,USA,2018
2166,USA,USA,2018
2167,USA,USA,2018
2168,USA,USA,2018
2169,USA,USA,2018
2170,USA,USA,2018
2171,USA,USA,2018
2172,USA,USA,2018
2173,USA,USA,2018
2174,Unknown,Unknown,2018
2175,USA,USA,2018
2176,USA,USA,2018
2177,USA,USA,2018
2178,Unknown,Unknown,2018
2179,Unknown,Unknown,2018
2180,Unknown,Unknown,2018
2181,USA,USA,2018
2182,USA,USA,2018
2183,Unknown,Unknown,2018
2184,USA,USA,2018
2185,USA,USA,2018
2186,Unknown,Unknown,2018
2187,Unknown,Unknown,2018
2188,Unknown,Unknown,2018
2189,USA,USA,2018
2190,USA,USA,2018
2191,USA,USA,2018
2192,USA,USA,2018
2193,USA,USA,2018
2194,USA,USA,2018
2195,USA,USA,2018
2196,USA,USA,2018
2197,USA,USA,2018
2198,USA,USA,2018
2199,USA,USA,2018
2200,USA,USA,2018
2201,USA,USA,2018
2202,USA,USA,2018
2203,USA,USA,2018
2204,USA,USA,2018
2205,USA,USA,2018
2206,USA,USA,2018
2207,Ethiopia,Africa,2018
2208,USA,USA,2018
2209,USA,USA,2018
2210,USA,USA,2018
2211,USA,USA,2018
2212,USA,USA,2018
2213,USA,USA,2018
2214,USA,USA,2018
2215,USA,USA,2018
2216,USA,USA,2018
2217,USA,USA,2018
2218,Unknown,Unknown,2018
2219,Unknown,Unknown,2018
2220,USA,USA,2018
2221,Unknown,Unknown,2018
2222,Unknown,Unknown,2018
2223,Unknown,Unknown,2018
2224,USA,USA,2018
2225,Unknown,Unknown,2018
2226,Unknown,Unknown,2018
2227,USA,USA,2018
2228,Unknown,Unknown,2018
2229,Unknown,Unknown,2018
2230,Unknown,Unknown,2018
2231,Unknown,Unknown,2018
2232,USA,USA,2018
2233,USA,USA,2018
2234,USA,USA,2018
2235,USA,USA,2018
2236,USA,USA,2018
2237,USA,USA,2018
2238,USA,USA,2018
2239,USA,USA,2018
2240,USA,USA,2018
2241,Unknown,Unknown,2018
2242,Unknown,Unknown,2018
2243,Unknown,Unknown,2018
2244,USA,USA,2018
2245,USA,USA,2018
2246,USA,USA,2018
2247,USA,USA,2018
2248,USA,USA,2018
2249,USA,USA,2018
2250,USA,USA,2018
2251,USA,USA,2018
2252,Germany,Europe,2018
2253,United Kingdom,Europe,2018
2254,USA,USA,2018
2255,USA,USA,2018
2256,USA,USA,2018
2257,USA,USA,2018
2258,USA,USA,2018
2259,USA,USA,2018
2260,USA,USA,2018
2261,USA,USA,2018
2262,Unknown,Unknown,2018
2263,USA,USA,2018
2264,USA,USA,2018
2265,USA,USA,2018
2266,United Kingdom,Europe,2018
2267,USA,USA,2018
2268,Unknown,Unknown,2018
2269,Unknown,Unknown,2018
2270,Unknown,Unknown,2018
2271,Unknown,Unknown,2018
2272,Unknown,Unknown,2018
2273,Unknown,Unknown,2018
2274,Unknown,Unknown,2018
2275,Unknown,Unknown,2018
2276,Unknown,Unknown,2018
2277,Unknown,Unknown,2018
2278,USA,USA,2018
2279,Unknown,Unknown,2018
2280,USA,USA,2018
2281,USA,USA,2018
2282,USA,USA,2018
2283,USA,USA,2018
2284,USA,USA,2018
2285,USA,USA,2018
2286,USA,USA,2018
2287,Unknown,Unknown,2018
2288,Unknown,Unknown,2018
2289,USA,USA,2018
2290,USA,USA,2018
2291,USA,USA,2018
2292,USA,USA,2018
2293,USA,USA,2018
2294,USA,USA,2018
2295,USA,USA,2018
2296,USA,USA,2018
2297,USA,USA,2018
2298,USA,USA,2018
2299,USA,USA,2018
2300,USA,USA,2018
2301,USA,USA,2018
2302,USA,USA,2018
2303,USA,USA,2018
2304,USA,USA,2018
2305,USA,USA,2018
2306,USA,USA,2018
2307,USA,USA,2018
2308,Ghana,Africa,2018
2309,USA,USA,2018
2310,Unknown,Unknown,2018
2311,Unknown,Unknown,2018
2312,Unknown,Unknown,2018
2313,Unknown,Unknown,2018
2314,USA,USA,2018
2315,Unknown,Unknown,2018
2316,USA,USA,2018
2317,USA,USA,2018
2318,USA,USA,2018
2319,Unknown,Unknown,2018
2320,USA,USA,2018
2321,USA,USA,2018
2322,USA,USA,2018
2323,USA,USA,2018
2324,USA,USA,2018
2325,Unknown,Unknown,2018
2326,USA,USA,2018
2327,USA,USA,2018
2328,USA,USA,2018
2329,USA,USA,2018
2330,USA,USA,2018
2331,USA,USA,2018
2332,USA,USA,2018
2333,USA,USA,2018
2334,Canada,Other Americas,2018
2335,USA,USA,2018
2336,USA,USA,2018
2337,USA,USA,2018
2338,USA,USA,2018
2339,USA,USA,2018
2340,USA,USA,2018
2341,USA,USA,2018
2342,Unknown,Unknown,2018
2343,Canada,Other Americas,2018
2344,USA,USA,2018
2345,USA,USA,2018
2346,USA,USA,2018
2347,USA,USA,2018
2348,USA,USA,2018
2349,USA,USA,2018
2350,USA,USA,2018
2351,USA,USA,2018
2352,USA,USA,2018
2353,USA,USA,2018
2354,Netherlands,Europe,2018
2355,USA,USA,2018
2356,USA,USA,2018
2357,USA,USA,2018
2358,USA,USA,2018
2359,USA,USA,2018
2360,USA,USA,2018
2361,USA,USA,2018
2362,USA,USA,2018
2363,USA,USA,2018
2364,USA,USA,2018
2365,USA,USA,2018
2366,USA,USA,2018
2367,USA,USA,2018
2368,South Korea,Asia,2018
2369,USA,USA,2018
2370,USA,USA,2018
2371,USA,USA,2018
2372,USA,USA,2018
2373,USA,USA,2018
2374,USA,USA,2018
2375,USA,USA,2018
2376,USA,USA,2018
2377,USA,USA,2018
2378,USA,USA,2018
2379,Germany,Europe,2018
2380,USA,USA,2018
2381,USA,USA,2018
2382,USA,USA,2018
2383,USA,USA,2018
2384,USA,USA,2018
2385,USA,USA,2018
2386,USA,USA,2018
2387,USA,USA,2018
2388,USA,USA,2018
2389,USA,USA,2018
2390,USA,USA,2018
2391,USA,USA,2018
2392,USA,USA,2018
2393,USA,USA,2018
2394,USA,USA,2018
2395,USA,USA,2018
2396,USA,USA,2018
2397,USA,USA,2018
2398,USA,USA,2018
2399,USA,USA,2018
2400,USA,USA,2018
2401,USA,USA,2018
2402,USA,USA,2018
2403,USA,USA,2018
2404,USA,USA,2018
2405,USA,USA,2018
2406,USA,USA,2018
2407,USA,USA,2018
2408,USA,USA,2018
2409,USA,USA,2018
2410,USA,USA,2018
2411,USA,USA,2018
2412,USA,USA,2018
2413,USA,USA,2018
2414,USA,USA,2018
2415,USA,USA,2018
2416,USA,USA,2018
2417,USA,USA,2018
2418,USA,USA,2018
2419,USA,USA,2018
2420,USA,USA,2018
2421,USA,USA,2018
2422,USA,USA,2018
2423,USA,USA,2018
2424,USA,USA,2018
2425,USA,USA,2018
2426,USA,USA,2018
2427,USA,USA,2018
2428,USA,USA,2018
2429,USA,USA,2018
2430,USA,USA,2018
2431,USA,USA,2018
2432,USA,USA,2018
2433,USA,USA,2018
2434,Canada,Other Americas,2018
2435,USA,USA,2018
2436,Germany,Europe,2018
2437,USA,USA,2018
2438,Japan,Asia,2018
2439,USA,USA,2018
2440,USA,USA,2018
2441,USA,USA,2018
2442,USA,USA,2018
2443,USA,USA,2018
2444,USA,USA,2018
2445,USA,USA,2018
2446,USA,USA,2018
2447,USA,USA,2018
2448,South Korea,Asia,2018
2449,USA,USA,2018
2450,USA,USA,2018
2451,USA,USA,2018
2452,USA,USA,2018
2453,USA,USA,2018
2454,USA,USA,2018
2455,Netherlands,Europe,2018
2456,USA,USA,2018
2457,USA,USA,2018
2458,USA,USA,2018
2459,USA,USA,2018
2460,USA,USA,2018
2461,USA,USA,2018
2462,USA,USA,2018
2463,USA,USA,2018
2464,USA,USA,2018
2465,USA,USA,2018
2466,USA,USA,2018
2467,USA,USA,2018
2468,Switzerland,Europe,2018
2469,Germany,Europe,2018
2470,USA,USA,2018
2471,USA,USA,2018
2472,USA,USA,2018
2473,USA,USA,2018
2474,Unknown,Unknown,2018
2475,USA,USA,2018
2476,USA,USA,2018
2477,USA,USA,2018
2478,USA,USA,2018
2479,USA,USA,2018
2480,USA,USA,2018
2481,USA,USA,2018
2482,USA,USA,2018
2483,USA,USA,2018
2484,USA,USA,2018
2485,USA,USA,2018
2486,USA,USA,2018
2487,USA,USA,2018
2488,USA,USA,2018
2489,USA,USA,2018
2490,Unknown,Unknown,2018
2491,Unknown,Unknown,2018
2492,Unknown,Unknown,2018
2493,USA,USA,2018
2494,USA,USA,2018
2495,Unknown,Unknown,2018
2496,Unknown,Unknown,2018
2497,USA,USA,2018
2498,USA,USA,2018
2499,USA,USA,2018
2500,USA,USA,2018
2501,USA,USA,2018
2502,USA,USA,2018
2503,Netherlands,Europe,2018
2504,USA,USA,2018
2505,USA,USA,2018
2506,USA,USA,2018
2507,USA,USA,2018
2508,South Africa,Africa,2018
2509,USA,USA,2018
2510,USA,USA,2018
2511,USA,USA,2018
2512,USA,USA,2018
2513,USA,USA,2018
2514,USA,USA,2018
2515,USA,USA,2018
2516,Australia,Oceania,2018
2517,USA,USA,2018
2518,USA,USA,2018
2519,USA,USA,2018
2520,USA,USA,2018
2521,USA,USA,2018
2522,USA,USA,2018
2523,USA,USA,2018
2524,USA,USA,2018
2525,USA,USA,2018
2526,USA,USA,2018
2527,USA,USA,2018
2528,USA,USA,2018
2529,USA,USA,2018
2530,USA,USA,2018
2531,USA,USA,2018
2532,USA,USA,2018
2533,USA,USA,2018
2534,USA,USA,2018
2535,USA,USA,2018
2536,USA,USA,2018
2537,USA,USA,2018
2538,USA,USA,2018
2539,USA,USA,2018
2540,USA,USA,2018
2541,USA,USA,2018
2542,USA,USA,2018
2543,USA,USA,2018
2544,USA,USA,2018
2545,USA,USA,2018
2546,USA,USA,2018
2547,USA,USA,2018
2548,USA,USA,2018
2549,USA,USA,2018
2550,USA,USA,2018
2551,Canada,Other Americas,2018
2552,USA,USA,2018
2553,USA,USA,2018
2554,USA,USA,2018
2555,USA,USA,2018
2556,USA,USA,2018
2557,USA,USA,2018
2558,USA,USA,2018
2559,USA,USA,2018
2560,USA,USA,2018
2561,Russia,Europe,2018
2562,USA,USA,2018
2563,USA,USA,2018
2564,USA,USA,2018
2565,USA,USA,2018
2566,USA,USA,2018
2567,USA,USA,2018
2568,USA,USA,2018
2569,USA,USA,2018
2570,USA,USA,2018
2571,USA,USA,2018
2572,USA,USA,2018
2573,USA,USA,2018
2574,USA,USA,2018
2575,USA,USA,2018
2576,USA,USA,2018
2577,USA,USA,2018
2578,USA,USA,2018
2579,USA,USA,2018
2580,Italy,Europe,2018
2581,USA,USA,2018
2582,USA,USA,2018
2583,Germany,Europe,2018
2584,USA,USA,2018
2585,Germany,Europe,2018
2586,USA,USA,2018
2587,USA,USA,2018
2588,USA,USA,2018
2589,South Korea,Asia,2018
2590,USA,USA,2018
2591,USA,USA,2018
2592,USA,USA,2018
2593,USA,USA,2018
2594,USA,USA,2018
2595,USA,USA,2018
2596,USA,USA,2018
2597,USA,USA,2018
2598,USA,USA,2018
2599,USA,USA,2018
2600,USA,USA,2018
2601,USA,USA,2018
2602,USA,USA,2018
2603,Australia,Oceania,2018
2604,USA,USA,2018
2605,USA,USA,2018
2606,USA,USA,2018
2607,USA,USA,2018
2608,USA,USA,2018
2609,USA,USA,2018
2610,USA,USA,2018
2611,USA,USA,2018
2612,USA,USA,2018
2613,USA,USA,2018
2614,USA,USA,2018
2615,USA,USA,2018
2616,USA,USA,2018
2617,USA,USA,2018
2618,USA,USA,2018
2619,USA,USA,2018
2620,Unknown,Unknown,2018
2621,USA,USA,2018
2622,USA,USA,2018
2623,USA,USA,2018
2624,USA,USA,2018
2625,USA,USA,2018
2626,USA,USA,2018
2627,USA,USA,2018
2628,USA,USA,2018
2629,USA,USA,2018
2630,USA,USA,2018
2631,USA,USA,2018
2632,USA,USA,2018
2633,USA,USA,2018
2634,USA,USA,2018
2635,Chile,Other Americas,2018
2636,USA,USA,2018
2637,USA,USA,2018
2638,USA,USA,2018
2639,USA,USA,2018
2640,USA,USA,2018
2641,USA,USA,2018
2642,USA,USA,2018
2643,Canada,Other Americas,2018
2644,USA,USA,2018
2645,USA,USA,2018
2646,USA,USA,2018
2647,USA,USA,2018
2648,Japan,Asia,2018
2649,USA,USA,2018
2650,USA,USA,2018
2651,USA,USA,2018
2652,USA,USA,2018
2653,USA,USA,2018
2654,Hungary,Europe,2018
2655,USA,USA,2018
2656,USA,USA,2018
2657,USA,USA,2018
2658,USA,USA,2018
2659,Russia,Europe,2018
2660,USA,USA,2018
2661,USA,USA,2018
2662,USA,USA,2018
2663,USA,USA,2018
2664,USA,USA,2018
2665,USA,USA,2018
2666,USA,USA,2018
2667,USA,USA,2018
2668,USA,USA,2018
2669,USA,USA,2018
2670,USA,USA,2018
2671,USA,USA,2018
2672,USA,USA,2018
2673,USA,USA,2018
2674,USA,USA,2018
2675,USA,USA,2018
2676,USA,USA,2018
2677,USA,USA,2018
2678,Switzerland,Europe,2018
2679,USA,USA,2018
2680,USA,USA,2018
2681,USA,USA,2018
2682,USA,USA,2018
2683,USA,USA,2018
2684,USA,USA,2018
2685,USA,USA,2018
2686,USA,USA,2018
2687,USA,USA,2018
2688,USA,USA,2018
2689,USA,USA,2018
2690,USA,USA,2018
2691,USA,USA,2018
2692,USA,USA,2018
2693,USA,USA,2018
2694,USA,USA,2018
2695,USA,USA,2018
2696,USA,USA,2018
2697,USA,USA,2018
2698,USA,USA,2018
2699,USA,USA,2018
2700,USA,USA,2018
2701,USA,USA,2018
2702,USA,USA,2018
2703,USA,USA,2018
2704,USA,USA,2018
2705,USA,USA,2018
2706,USA,USA,2018
2707,USA,USA,2018
2708,USA,USA,2018
2709,USA,USA,2018
2710,USA,USA,2018
2711,USA,USA,2018
2712,USA,USA,2018
2713,USA,USA,2018
2714,USA,USA,2018
2715,USA,USA,2018
2716,USA,USA,2018
2717,USA,USA,2018
2718,USA,USA,2018
2719,USA,USA,2018
2720,USA,USA,2018
2721,USA,USA,2018
2722,USA,USA,2018
2723,USA,USA,2018
2724,USA,USA,2018
2725,USA,USA,2018
2726,USA,USA,2018
2727,USA,USA,2018
2728,USA,USA,2018
2729,USA,USA,2018
2730,USA,USA,2018
2731,USA,USA,2018
2732,USA,USA,2018
2733,USA,USA,2018
2734,USA,USA,2018
2735,USA,USA,2018
2736,USA,USA,2018
2737,USA,USA,2018
2738,USA,USA,2018
2739,USA,USA,2018
2740,USA,USA,2018
2741,USA,USA,2018
2742,USA,USA,2018
2743,USA,USA,2018
2744,USA,USA,2018
2745,USA,USA,2018
2746,USA,USA,2018
2747,USA,USA,2018
2748,USA,USA,2018
2749,USA,USA,2018
2750,USA,USA,2018
2751,USA,USA,2018
2752,USA,USA,2018
2753,USA,USA,2018
2754,USA,USA,2018
2755,USA,USA,2018
2756,USA,USA,2018
2757,USA,USA,2018
2758,USA,USA,2018
2759,USA,USA,2018
2760,USA,USA,2018
2761,USA,USA,2018
2762,USA,USA,2018
2763,USA,USA,2018
2764,USA,USA,2018
2765,Unknown,Unknown,2018
2766,Unknown,Unknown,2018
2767,USA,USA,2018
2768,USA,USA,2018
2769,USA,USA,2018
2770,USA,USA,2018
2771,USA,USA,2018
2772,USA,USA,2018
2773,USA,USA,2018
2774,USA,USA,2018
2775,USA,USA,2018
2776,USA,USA,2018
2777,USA,USA,2018
2778,USA,USA,2018
2779,USA,USA,2018
2780,USA,USA,2018
2781,USA,USA,2018
2782,USA,USA,2018
2783,USA,USA,2018
2784,USA,USA,2018
2785,USA,USA,2018
2786,USA,USA,2018
2787,USA,USA,2018
2788,USA,USA,2018
2789,USA,USA,2018
2790,USA,USA,2018
2791,USA,USA,2018
2792,USA,USA,2018
2793,USA,USA,2018
2794,USA,USA,2018
2795,USA,USA,2018
2796,USA,USA,2018
2797,USA,USA,2018
2798,USA,USA,2018
2799,USA,USA,2018
2800,USA,USA,2018
2801,USA,USA,2018
2802,USA,USA,2018
2803,USA,USA,2018
2804,USA,USA,2018
2805,USA,USA,2018
2806,USA,USA,2018
2807,USA,USA,2018
2808,USA,USA,2018
2809,USA,USA,2018
2810,USA,USA,2018
2811,USA,USA,2018
2812,USA,USA,2018
2813,USA,USA,2018
2814,USA,USA,2018
2815,USA,USA,2018
2816,France,Europe,2018
2817,USA,USA,2018
2818,USA,USA,2018
2819,USA,USA,2018
2820,USA,USA,2018
2821,USA,USA,2018
2822,USA,USA,2018
2823,USA,USA,2018
2824,USA,USA,2018
2825,USA,USA,2018
2826,USA,USA,2018
2827,USA,USA,2018
2828,United Kingdom,Europe,2018
2829,USA,USA,2018
2830,USA,USA,2018
2831,USA,USA,2018
2832,USA,USA,2018
2833,USA,USA,2018
2834,USA,USA,2018
2835,USA,USA,2018
2836,USA,USA,2018
2837,USA,USA,2018
2838,USA,USA,2018
2839,USA,USA,2018
2840,USA,USA,2018
2841,USA,USA,2018
2842,USA,USA,2018
2843,USA,USA,2018
2844,USA,USA,2018
2845,USA,USA,2018
2846,USA,USA,2018
2847,USA,USA,2018
2848,USA,USA,2018
2849,USA,USA,2018
2850,USA,USA,2018
2851,USA,USA,2018
2852,USA,USA,2018
2853,USA,USA,2018
2854,USA,USA,2018
2855,USA,USA,2018
2856,USA,USA,2018
2857,USA,USA,2018
2858,United Kingdom,Europe,2018
2859,USA,USA,2018
2860,USA,USA,2018
2861,USA,USA,2018
2862,USA,USA,2018
2863,USA,USA,2018
2864,USA,USA,2018
2865,United Kingdom,Europe,2018
2866,USA,USA,2018
2867,USA,USA,2018
2868,USA,USA,2018
2869,USA,USA,2018
2870,USA,USA,2018
2871,USA,USA,2018
2872,USA,USA,2018
2873,USA,USA,2018
2874,USA,USA,2018
2875,USA,USA,2018
2876,USA,USA,2018
2877,USA,USA,2018
2878,USA,USA,2018
2879,USA,USA,2018
2880,USA,USA,2018
2881,USA,USA,2018
2882,USA,USA,2018
2883,USA,USA,2018
2884,USA,USA,2018
2885,USA,USA,2018
2886,Colombia,Other Americas,2018
2887,USA,USA,2018
2888,USA,USA,2018
2889,USA,USA,2018
2890,USA,USA,2018
2891,Netherlands,Europe,2018
2892,USA,USA,2018
2893,USA,USA,2017
2894,Unknown,Unknown,2017
2895,USA,USA,2017
2896,Unknown,Unknown,2017
2897,USA,USA,2017
2898,USA,USA,2017
2899,Unknown,Unknown,2017
2900,Unknown,Unknown,2017
2901,USA,USA,2017
2902,USA,USA,2017
2903,USA,USA,2017
2904,USA,USA,2017
2905,USA,USA,2017
2906,USA,USA,2017
2907,Unknown,Unknown,2017
2908,USA,USA,2017
2909,USA,USA,2017
2910,USA,USA,2017
2911,USA,USA,2017
2912,USA,USA,2017
2913,USA,USA,2017
2914,USA,USA,2017
2915,USA,USA,2017
2916,USA,USA,2017
2917,USA,USA,2017
2918,USA,USA,2017
2919,USA,USA,2017
2920,Unknown,Unknown,2017
2921,Unknown,Unknown,2017
2922,Unknown,Unknown,2017
2923,USA,USA,2017
2924,Unknown,Unknown,2017
2925,USA,USA,2017
2926,Unknown,Unknown,2017
2927,USA,USA,2017
2928,USA,USA,2017
2929,USA,USA,2017
2930,USA,USA,2017
2931,USA,USA,2017
2932,Unknown,Unknown,2017
2933,Unknown,Unknown,2017
2934,Unknown,Unknown,2017
2935,Unknown,Unknown,2017
2936,USA,USA,2017
2937,USA,USA,2017
2938,USA,USA,2017
2939,USA,USA,2017
2940,Canada,Other Americas,2017
2941,USA,USA,2017
2942,USA,USA,2017
2943,USA,USA,2017
2944,USA,USA,2017
2945,Canada,Other Americas,2017
2946,USA,USA,2017
2947,USA,USA,2017
2948,Unknown,Unknown,2017
2949,Unknown,Unknown,2017
2950,Unknown,Unknown,2017
2951,Unknown,Unknown,2017
2952,USA,USA,2017
2953,USA,USA,2017
2954,USA,USA,2017
2955,USA,USA,2017
2956,USA,USA,2017
2957,USA,USA,2017
2958,Taiwan,Asia,2017
2959,USA,USA,2017
2960,USA,USA,2017
2961,USA,USA,2017
2962,South Korea,Asia,2017
2963,USA,USA,2017
2964,USA,USA,2017
2965,USA,USA,2017
2966,USA,USA,2017
2967,USA,USA,2017
2968,USA,USA,2017
2969,USA,USA,2017
2970,USA,USA,2017
2971,USA,USA,2017
2972,USA,USA,2017
2973,USA,USA,2017
2974,USA,USA,2017
2975,USA,USA,2017
2976,USA,USA,2017
2977,USA,USA,2017
2978,USA,USA,2017
2979,Unknown,Unknown,2017
2980,USA,USA,2017
2981,USA,USA,2017
2982,USA,USA,2017
2983,USA,USA,2017
2984,USA,USA,2017
2985,Germany,Europe,2017
2986,USA,USA,2017
2987,USA,USA,2017
2988,USA,USA,2017
2989,USA,USA,2017
2990,USA,USA,2017
2991,USA,USA,2017
2992,USA,USA,2017
2993,USA,USA,2017
2994,USA,USA,2017
2995,USA,USA,2017
2996,USA,USA,2017
2997,USA,USA,2017
2998,USA,USA,2017
2999,USA,USA,2017
3000,USA,USA,2017
3001,USA,USA,2017
3002,USA,USA,2017
3003,USA,USA,2017
3004,Unknown,Unknown,2017
3005,USA,USA,2017
3006,USA,USA,2017
3007,USA,USA,2017
3008,USA,USA,2017
3009,USA,USA,2017
3010,USA,USA,2017
3011,USA,USA,2017
3012,USA,USA,2017
3013,USA,USA,2017
3014,USA,USA,2017
3015,USA,USA,2017
3016,USA,USA,2017
3017,Unknown,Unknown,2017
3018,Unknown,Unknown,2017
3019,Unknown,Unknown,2017
3020,Unknown,Unknown,2017
3021,Unknown,Unknown,2017
3022,USA,USA,2017
3023,Unknown,Unknown,2017
3024,USA,USA,2017
3025,USA,USA,2017
3026,USA,USA,2017
3027,USA,USA,2017
3028,USA,USA,2017
3029,USA,USA,2017
3030,USA,USA,2017
3031,USA,USA,2017
3032,USA,USA,2017
3033,Unknown,Unknown,2017
3034,USA,USA,2017
3035,Unknown,Unknown,2017
3036,Unknown,Unknown,2017
3037,Unknown,Unknown,2017
3038,USA,USA,2017
3039,USA,USA,2017
3040,USA,USA,2017
3041,Unknown,Unknown,2017
3042,USA,USA,2017
3043,South Korea,Asia,2017
3044,Unknown,Unknown,2017
3045,USA,USA,2017
3046,USA,USA,2017
3047,USA,USA,2017
3048,USA,USA,2017
3049,USA,USA,2017
3050,Unknown,Unknown,2017
3051,Unknown,Unknown,2017
3052,USA,USA,2017
3053,Unknown,Unknown,2017
3054,Unknown,Unknown,2017
3055,Unknown,Unknown,2017
3056,Unknown,Unknown,2017
3057,USA,USA,2017
3058,USA,USA,2017
3059,USA,USA,2017
3060,Unknown,Unknown,2017
3061,USA,USA,2017
3062,USA,USA,2017
3063,South Africa,Africa,2017
3064,USA,USA,2017
3065,USA,USA,2017
3066,USA,USA,2017
3067,USA,USA,2017
3068,USA,USA,2017
3069,USA,USA,2017
3070,USA,USA,2017
3071,USA,USA,2017
3072,USA,USA,2017
3073,USA,USA,2017
3074,USA,USA,2017
3075,USA,USA,2017
3076,USA,USA,2017
3077,USA,USA,2017
3078,USA,USA,2017
3079,USA,USA,2017
3080,USA,USA,2017
3081,USA,USA,2017
3082,Spain,Europe,2017
3083,USA,USA,2017
3084,USA,USA,2017
3085,USA,USA,2017
3086,USA,USA,2017
3087,USA,USA,2017
3088,USA,USA,2017
3089,USA,USA,2017
3090,USA,USA,2017
3091,USA,USA,2017
3092,USA,USA,2017
3093,USA,USA,2017
3094,USA,USA,2017
3095,USA,USA,2017
3096,Germany,Europe,2017
3097,USA,USA,2017
3098,USA,USA,2017
3099,USA,USA,2017
3100,USA,USA,2017
3101,USA,USA,2017
3102,USA,USA,2017
3103,USA,USA,2017
3104,USA,USA,2017
3105,United Kingdom,Europe,2017
3106,South Korea,Asia,2017
3107,USA,USA,2017
3108,USA,USA,2017
3109,USA,USA,2017
3110,USA,USA,2017
3111,USA,USA,2017
3112,USA,USA,2017
3113,USA,USA,2017
3114,USA,USA,2017
3115,USA,USA,2017
3116,USA,USA,2017
3117,Germany,Europe,2017
3118,South Korea,Asia,2017
3119,USA,USA,2017
3120,USA,USA,2017
3121,USA,USA,2017
3122,USA,USA,2017
3123,Unknown,Unknown,2017
3124,Unknown,Unknown,2017
3125,USA,USA,2017
3126,USA,USA,2017
3127,Unknown,Unknown,2017
3128,USA,USA,2017
3129,USA,USA,2017
3130,China,Asia,2017
3131,USA,USA,2017
3132,USA,USA,2017
3133,United Kingdom,Europe,2017
3134,USA,USA,2017
3135,USA,USA,2017
3136,USA,USA,2017
3137,USA,USA,2017
3138,USA,USA,2017
3139,USA,USA,2017
3140,USA,USA,2017
3141,USA,USA,2017
3142,USA,USA,2017
3143,USA,USA,2017
3144,USA,USA,2017
3145,USA,USA,2017
3146,USA,USA,2017
3147,USA,USA,2017
3148,USA,USA,2017
3149,USA,USA,2017
3150,USA,USA,2017
3151,USA,USA,2017
3152,USA,USA,2017
3153,USA,USA,2017
3154,USA,USA,2017
3155,USA,USA,2017
3156,USA,USA,2017
3157,USA,USA,2017
3158,USA,USA,2017
3159,USA,USA,2017
3160,USA,USA,2017
3161,USA,USA,2017
3162,USA,USA,2017
3163,USA,USA,2017
3164,USA,USA,2017
3165,USA,USA,2017
3166,USA,USA,2017
3167,USA,USA,2017
3168,USA,USA,2017
3169,USA,USA,2017
3170,Canada,Other Americas,2017
3171,USA,USA,2017
3172,USA,USA,2017
3173,USA,USA,2017
3174,USA,USA,2017
3175,USA,USA,2017
3176,USA,USA,2017
3177,USA,USA,2017
3178,USA,USA,2017
3179,Canada,Other Americas,2017
3180,USA,USA,2017
3181,USA,USA,2017
3182,USA,USA,2017
3183,Unknown,Unknown,2017
3184,USA,USA,2017
3185,USA,USA,2017
3186,USA,USA,2017
3187,France,Europe,2017
3188,USA,USA,2017
3189,United Kingdom,Europe,2017
3190,USA,USA,2017
3191,USA,USA,2017
3192,Unknown,Unknown,2017
3193,USA,USA,2017
3194,China,Asia,2017
3195,USA,USA,2017
3196,USA,USA,2017
3197,USA,USA,2017
3198,USA,USA,2017
3199,USA,USA,2017
3200,USA,USA,2017
3201,South Korea,Asia,2017
3202,USA,USA,2017
3203,USA,USA,2017
3204,USA,USA,2017
3205,USA,USA,2017
3206,USA,USA,2017
3207,USA,USA,2017
3208,USA,USA,2017
3209,USA,USA,2017
3210,USA,USA,2017
3211,USA,USA,2017
3212,China,Asia,2017
3213,USA,USA,2017
3214,USA,USA,2017
3215,USA,USA,2017
3216,USA,USA,2017
3217,USA,USA,2017
3218,USA,USA,2017
3219,USA,USA,2017
3220,USA,USA,2017
3221,USA,USA,2017
3222,USA,USA,2017
3223,Unknown,Unknown,2017
3224,USA,USA,2017
3225,USA,USA,2017
3226,USA,USA,2017
3227,USA,USA,2017
3228,USA,USA,2017
3229,USA,USA,2017
3230,USA,USA,2017
3231,USA,USA,2017
3232,USA,USA,2017
3233,USA,USA,2017
3234,USA,USA,2017
3235,Canada,Other Americas,2017
3236,USA,USA,2017
3237,USA,USA,2017
3238,USA,USA,2017
3239,USA,USA,2017
3240,USA,USA,2017
3241,USA,USA,2017
3242,USA,USA,2017
3243,USA,USA,2017
3244,USA,USA,2017
3245,USA,USA,2017
3246,USA,USA,2017
3247,USA,USA,2017
3248,USA,USA,2017
3249,USA,USA,2017
3250,Slovakia,Europe,2017
3251,USA,USA,2017
3252,USA,USA,2017
3253,USA,USA,2017
3254,USA,USA,2017
3255,Netherlands,Europe,2017
3256,USA,USA,2017
3257,USA,USA,2017
3258,USA,USA,2017
3259,USA,USA,2017
3260,USA,USA,2017
3261,USA,USA,2017
3262,USA,USA,2017
3263,USA,USA,2017
3264,USA,USA,2017
3265,USA,USA,2017
3266,USA,USA,2017
3267,USA,USA,2017
3268,USA,USA,2017
3269,USA,USA,2017
3270,USA,USA,2017
3271,USA,USA,2017
3272,USA,USA,2017
3273,USA,USA,2017
3274,USA,USA,2017
3275,USA,USA,2017
3276,USA,USA,2017
3277,USA,USA,2017
3278,USA,USA,2017
3279,USA,USA,2017
3280,USA,USA,2017
3281,USA,USA,2017
3282,USA,USA,2017
3283,Unknown,Unknown,2017
3284,Hungary,Europe,2017
3285,USA,USA,2017
3286,USA,USA,2017
3287,China,Asia,2017
3288,China,Asia,2017
3289,USA,USA,2017
3290,USA,USA,2017
3291,China,Asia,2017
3292,USA,USA,2017
3293,USA,USA,2017
3294,USA,USA,2017
3295,Australia,Oceania,2017
3296,China,Asia,2017
3297,USA,USA,2017
3298,USA,USA,2017
3299,USA,USA,2017
3300,USA,USA,2017
3301,USA,USA,2017
3302,USA,USA,2017
3303,USA,USA,2017
3304,USA,USA,2017
3305,USA,USA,2017
3306,USA,USA,2017
3307,USA,USA,2017
3308,USA,USA,2017
3309,USA,USA,2017
3310,USA,USA,2017
3311,USA,USA,2017
3312,USA,USA,2017
3313,USA,USA,2017
3314,USA,USA,2017
3315,Unknown,Unknown,2017
3316,USA,USA,2017
3317,USA,USA,2017
3318,USA,USA,2017
3319,USA,USA,2017
3320,USA,USA,2017
3321,USA,USA,2017
3322,USA,USA,2017
3323,USA,USA,2017
3324,USA,USA,2017
3325,USA,USA,2017
3326,USA,USA,2017
3327,USA,USA,2017
3328,USA,USA,2017
3329,USA,USA,2017
3330,USA,USA,2017
3331,USA,USA,2017
3332,USA,USA,2017
3333,Canada,Other Americas,2017
3334,Canada,Other Americas,2017
3335,Unknown,Unknown,2017
3336,Unknown,Unknown,2017
3337,USA,USA,2017
3338,USA,USA,2017
3339,USA,USA,2017
3340,France,Europe,2017
3341,USA,USA,2017
3342,USA,USA,2017
3343,USA,USA,2017
3344,Japan,Asia,2017
3345,USA,USA,2017
3346,USA,USA,2017
3347,USA,USA,2017
3348,USA,USA,2017
3349,USA,USA,2017
3350,USA,USA,2017
3351,USA,USA,2017
3352,USA,USA,2017
3353,USA,USA,2017
3354,USA,USA,2017
3355,USA,USA,2017
3356,USA,USA,2017
3357,USA,USA,2017
3358,USA,USA,2017
3359,USA,USA,2017
3360,USA,USA,2017
3361,USA,USA,2017
3362,USA,USA,2017
3363,USA,USA,2017
3364,USA,USA,2017
3365,USA,USA,2017
3366,USA,USA,2017
3367,USA,USA,2017
3368,USA,USA,2017
3369,USA,USA,2017
3370,USA,USA,2017
3371,United Kingdom,Europe,2017
3372,USA,USA,2017
3373,USA,USA,2017
3374,USA,USA,2017
3375,USA,USA,2017
3376,USA,USA,2017
3377,USA,USA,2017
3378,USA,USA,2017
3379,USA,USA,2017
3380,USA,USA,2017
3381,USA,USA,2017
3382,USA,USA,2017
3383,USA,USA,2017
3384,USA,USA,2017
3385,USA,USA,2017
3386,USA,USA,2017
3387,USA,USA,2017
3388,USA,USA,2017
3389,USA,USA,2017
3390,USA,USA,2017
3391,USA,USA,2017
3392,USA,USA,2017
3393,USA,USA,2017
3394,USA,USA,2017
3395,USA,USA,2017
3396,USA,USA,2017
3397,USA,USA,2017
3398,Unknown,Unknown,2017
3399,USA,USA,2017
3400,USA,USA,2017
3401,USA,USA,2017
3402,USA,USA,2017
3403,USA,USA,2017
3404,USA,USA,2017
3405,USA,USA,2017
3406,USA,USA,2017
3407,Belgium,Europe,2017
3408,USA,USA,2017
3409,USA,USA,2017
3410,USA,USA,2017
3411,USA,USA,2017
3412,USA,USA,2017
3413,USA,USA,2017
3414,USA,USA,2017
3415,USA,USA,2017
3416,USA,USA,2017
3417,USA,USA,2017
3418,USA,USA,2017
3419,USA,USA,2017
3420,USA,USA,2017
3421,USA,USA,2017
3422,USA,USA,2017
3423,USA,USA,2017
3424,USA,USA,2017
3425,USA,USA,2017
3426,USA,USA,2017
3427,USA,USA,2017
3428,USA,USA,2017
3429,USA,USA,2017
3430,USA,USA,2017
3431,USA,USA,2017
3432,USA,USA,2017
3433,USA,USA,2017
3434,USA,USA,2017
3435,USA,USA,2017
3436,USA,USA,2017
3437,USA,USA,2017
3438,USA,USA,2017
3439,USA,USA,2017
3440,USA,USA,2017
3441,USA,USA,2017
3442,USA,USA,2017
3443,USA,USA,2017
3444,USA,USA,2017
3445,USA,USA,2017
3446,USA,USA,2017
3447,USA,USA,2017
3448,USA,USA,2017
3449,Colombia,Other Americas,2017
3450,USA,USA,2017
3451,USA,USA,2017
3452,USA,USA,2017
3453,USA,USA,2017
3454,USA,USA,2017
3455,Finland,Europe,2017
3456,USA,USA,2017
3457,Uruguay,Other Americas,2017
3458,USA,USA,2017
3459,Chile,Other Americas,2017
3460,USA,USA,2017
3461,USA,USA,2017
3462,USA,USA,2017
3463,USA,USA,2017
3464,USA,USA,2017
3465,USA,USA,2017
3466,USA,USA,2017
3467,USA,USA,2017
3468,USA,USA,2017
3469,Germany,Europe,2017
3470,USA,USA,2017
3471,USA,USA,2017
3472,USA,USA,2017
3473,USA,USA,2017
3474,USA,USA,2017
3475,USA,USA,2017
3476,USA,USA,2017
3477,USA,USA,2017
3478,USA,USA,2017
3479,USA,USA,2017
3480,USA,USA,2017
3481,USA,USA,2017
3482,USA,USA,2017
3483,USA,USA,2017
3484,USA,USA,2017
3485,USA,USA,2017
3486,USA,USA,2017
3487,USA,USA,2017
3488,USA,USA,2017
3489,USA,USA,2017
3490,USA,USA,2017
3491,France,Europe,2017
3492,USA,USA,2017
3493,USA,USA,2017
3494,USA,USA,2017
3495,USA,USA,2017
3496,USA,USA,2017
3497,USA,USA,2017
3498,USA,USA,2017
3499,USA,USA,2017
3500,USA,USA,2017
3501,USA,USA,2017
3502,USA,USA,2017
3503,USA,USA,2017
3504,USA,USA,2017
3505,USA,USA,2017
3506,USA,USA,2017
3507,USA,USA,2017
3508,USA,USA,2016
3509,Unknown,Unknown,2016
3510,Unknown,Unknown,2016
3511,Unknown,Unknown,2016
3512,Unknown,Unknown,2016
3513,Unknown,Unknown,2016
3514,Unknown,Unknown,2016
3515,USA,USA,2016
3516,Unknown,Unknown,2016
3517,USA,USA,2016
3518,USA,USA,2016
3519,USA,USA,2016
3520,Unknown,Unknown,2016
3521,Unknown,Unknown,2016
3522,Unknown,Unknown,2016
3523,USA,USA,2016
3524,USA,USA,2016
3525,USA,USA,2016
3526,USA,USA,2016
3527,USA,USA,2016
3528,USA,USA,2016
3529,USA,USA,2016
3530,USA,USA,2016
3531,USA,USA,2016
3532,USA,USA,2016
3533,USA,USA,2016
3534,USA,USA,2016
3535,USA,USA,2016
3536,USA,USA,2016
3537,USA,USA,2016
3538,USA,USA,2016
3539,Unknown,Unknown,2016
3540,USA,USA,2016
3541,USA,USA,2016
3542,USA,USA,2016
3543,USA,USA,2016
3544,United Kingdom,Europe,2016
3545,USA,USA,2016
3546,USA,USA,2016
3547,USA,USA,2016
3548,USA,USA,2016
3549,USA,USA,2016
3550,USA,USA,2016
3551,USA,USA,2016
3552,USA,USA,2016
3553,USA,USA,2016
3554,USA,USA,2016
3555,Unknown,Unknown,2016
3556,Unknown,Unknown,2016
3557,Unknown,Unknown,2016
3558,USA,USA,2016
3559,Unknown,Unknown,2016
3560,Unknown,Unknown,2016
3561,Unknown,Unknown,2016
3562,USA,USA,2016
3563,USA,USA,2016
3564,USA,USA,2016
3565,USA,USA,2016
3566,USA,USA,2016
3567,USA,USA,2016
3568,USA,USA,2016
3569,USA,USA,2016
3570,USA,USA,2016
3571,USA,USA,2016
3572,USA,USA,2016
3573,USA,USA,2016
3574,USA,USA,2016
3575,USA,USA,2016
3576,USA,USA,2016
3577,Unknown,Unknown,2016
3578,Unknown,Unknown,2016
3579,Unknown,Unknown,2016
3580,USA,USA,2016
3581,USA,USA,2016
3582,USA,USA,2016
3583,USA,USA,2016
3584,USA,USA,2016
3585,Unknown,Unknown,2016
3586,USA,USA,2016
3587,USA,USA,2016
3588,USA,USA,2016
3589,USA,USA,2016
3590,USA,USA,2016
3591,USA,USA,2016
3592,Unknown,Unknown,2016
3593,Unknown,Unknown,2016
3594,Unknown,Unknown,2016
3595,USA,USA,2016
3596,USA,USA,2016
3597,Unknown,Unknown,2016
3598,USA,USA,2016
3599,USA,USA,2016
3600,USA,USA,2016
3601,USA,USA,2016
3602,USA,USA,2016
3603,USA,USA,2016
3604,USA,USA,2016
3605,USA,USA,2016
3606,USA,USA,2016
3607,USA,USA,2016
3608,United Kingdom,Europe,2016
3609,USA,USA,2016
3610,USA,USA,2016
3611,USA,USA,2016
3612,USA,USA,2016
3613,USA,USA,2016
3614,Unknown,Unknown,2016
3615,Unknown,Unknown,2016
3616,Unknown,Unknown,2016
3617,Unknown,Unknown,2016
3618,Unknown,Unknown,2016
3619,Unknown,Unknown,2016
3620,Unknown,Unknown,2016
3621,Unknown,Unknown,2016
3622,Unknown,Unknown,2016
3623,Unknown,Unknown,2016
3624,Unknown,Unknown,2016
3625,USA,USA,2016
3626,Unknown,Unknown,2016
3627,Unknown,Unknown,2016
3628,USA,USA,2016
3629,USA,USA,2016
3630,USA,USA,2016
3631,USA,USA,2016
3632,USA,USA,2016
3633,USA,USA,2016
3634,USA,USA,2016
3635,USA,USA,2016
3636,USA,USA,2016
3637,USA,USA,2016
3638,USA,USA,2016
3639,USA,USA,2016
3640,Unknown,Unknown,2016
3641,USA,USA,2016
3642,USA,USA,2016
3643,USA,USA,2016
3644,Mexico,Other Americas,2016
3645,USA,USA,2016
3646,USA,USA,2016
3647,USA,USA,2016
3648,Ethiopia,Africa,2016
3649,USA,USA,2016
3650,USA,USA,2016
3651,USA,USA,2016
3652,USA,USA,2016
3653,USA,USA,2016
3654,USA,USA,2016
3655,USA,USA,2016
3656,USA,USA,2016
3657,USA,USA,2016
3658,USA,USA,2016
3659,USA,USA,2016
3660,USA,USA,2016
3661,USA,USA,2016
3662,USA,USA,2016
3663,USA,USA,2016
3664,Japan,Asia,2016
3665,USA,USA,2016
3666,USA,USA,2016
3667,USA,USA,2016
3668,USA,USA,2016
3669,USA,USA,2016
3670,USA,USA,2016
3671,USA,USA,2016
3672,USA,USA,2016
3673,USA,USA,2016
3674,USA,USA,2016
3675,USA,USA,2016
3676,USA,USA,2016
3677,USA,USA,2016
3678,USA,USA,2016
3679,USA,USA,2016
3680,USA,USA,2016
3681,USA,USA,2016
3682,USA,USA,2016
3683,Unknown,Unknown,2016
3684,USA,USA,2016
3685,Unknown,Unknown,2016
3686,USA,USA,2016
3687,USA,USA,2016
3688,USA,USA,2016
3689,USA,USA,2016
3690,Unknown,Unknown,2016
3691,USA,USA,2016
3692,USA,USA,2016
3693,USA,USA,2016
3694,USA,USA,2016
3695,USA,USA,2016
3696,USA,USA,2016
3697,USA,USA,2016
3698,USA,USA,2016
3699,USA,USA,2016
3700,USA,USA,2016
3701,USA,USA,2016
3702,USA,USA,2016
3703,USA,USA,2016
3704,USA,USA,2016
3705,USA,USA,2016
3706,USA,USA,2016
3707,USA,USA,2016
3708,USA,USA,2016
3709,USA,USA,2016
3710,USA,USA,2016
3711,USA,USA,2016
3712,China,Asia,2016
3713,USA,USA,2016
3714,USA,USA,2016
3715,USA,USA,2016
3716,USA,USA,2016
3717,USA,USA,2016
3718,USA,USA,2016
3719,USA,USA,2016
3720,USA,USA,2016
3721,USA,USA,2016
3722,USA,USA,2016
3723,USA,USA,2016
3724,USA,USA,2016
3725,USA,USA,2016
3726,USA,USA,2016
3727,USA,USA,2016
3728,USA,USA,2016
3729,China,Asia,2016
3730,USA,USA,2016
3731,USA,USA,2016
3732,USA,USA,2016
3733,Germany,Europe,2016
3734,USA,USA,2016
3735,USA,USA,2016
3736,South Korea,Asia,2016
3737,USA,USA,2016
3738,USA,USA,2016
3739,USA,USA,2016
3740,USA,USA,2016
3741,USA,USA,2016
3742,USA,USA,2016
3743,USA,USA,2016
3744,USA,USA,2016
3745,USA,USA,2016
3746,South Korea,Asia,2016
3747,USA,USA,2016
3748,USA,USA,2016
3749,USA,USA,2016
3750,Switzerland,Europe,2016
3751,USA,USA,2016
3752,USA,USA,2016
3753,USA,USA,2016
3754,USA,USA,2016
3755,USA,USA,2016
3756,USA,USA,2016
3757,USA,USA,2016
3758,USA,USA,2016
3759,USA,USA,2016
3760,USA,USA,2016
3761,United Kingdom,Europe,2016
3762,USA,USA,2016
3763,USA,USA,2016
3764,Unknown,Unknown,2016
3765,USA,USA,2016
3766,USA,USA,2016
3767,USA,USA,2016
3768,USA,USA,2016
3769,USA,USA,2016
3770,USA,USA,2016
3771,USA,USA,2016
3772,Unknown,Unknown,2016
3773,USA,USA,2016
3774,USA,USA,2016
3775,United Kingdom,Europe,2016
3776,China,Asia,2016
3777,USA,USA,2016
3778,USA,USA,2016
3779,Australia,Oceania,2016
3780,USA,USA,2016
3781,USA,USA,2016
3782,USA,USA,2016
3783,USA,USA,2016
3784,USA,USA,2016
3785,USA,USA,2016
3786,Canada,Other Americas,2016
3787,USA,USA,2016
3788,USA,USA,2016
3789,USA,USA,2016
3790,USA,USA,2016
3791,USA,USA,2016
3792,USA,USA,2016
3793,USA,USA,2016
3794,USA,USA,2016
3795,USA,USA,2016
3796,USA,USA,2016
3797,USA,USA,2016
3798,USA,USA,2016
3799,USA,USA,2016
3800,USA,USA,2016
3801,USA,USA,2016
3802,USA,USA,2016
3803,USA,USA,2016
3804,Germany,Europe,2016
3805,USA,USA,2016
3806,USA,USA,2016
3807,USA,USA,2016
3808,South Korea,Asia,2016
3809,USA,USA,2016
3810,USA,USA,2016
3811,USA,USA,2016
3812,USA,USA,2016
3813,USA,USA,2016
3814,USA,USA,2016
3815,USA,USA,2016
3816,Germany,Europe,2016
3817,USA,USA,2016
3818,USA,USA,2016
3819,USA,USA,2016
3820,USA,USA,2016
3821,USA,USA,2016
3822,USA,USA,2016
3823,USA,USA,2016
3824,USA,USA,2016
3825,USA,USA,2016
3826,USA,USA,2016
3827,USA,USA,2016
3828,USA,USA,2016
3829,USA,USA,2016
3830,USA,USA,2016
3831,USA,USA,2016
3832,USA,USA,2016
3833,USA,USA,2016
3834,USA,USA,2016
3835,USA,USA,2016
3836,USA,USA,2016
3837,USA,USA,2016
3838,USA,USA,2016
3839,Chile,Other Americas,2016
3840,USA,USA,2016
3841,USA,USA,2016
3842,USA,USA,2016
3843,USA,USA,2016
3844,USA,USA,2016
3845,USA,USA,2016
3846,USA,USA,2016
3847,USA,USA,2016
3848,USA,USA,2016
3849,USA,USA,2016
3850,USA,USA,2016
3851,USA,USA,2016
3852,USA,USA,2016
3853,USA,USA,2016
3854,USA,USA,2016
3855,Netherlands,Europe,2016
3856,South Korea,Asia,2016
3857,USA,USA,2016
3858,USA,USA,2016
3859,USA,USA,2016
3860,USA,USA,2016
3861,USA,USA,2016
3862,USA,USA,2016
3863,USA,USA,2016
3864,USA,USA,2016
3865,USA,USA,2016
3866,USA,USA,2016
3867,USA,USA,2016
3868,USA,USA,2016
3869,USA,USA,2016
3870,USA,USA,2016
3871,France,Europe,2016
3872,USA,USA,2016
3873,USA,USA,2016
3874,USA,USA,2016
3875,USA,USA,2016
3876,USA,USA,2016
3877,USA,USA,2016
3878,USA,USA,2016
3879,USA,USA,2016
3880,USA,USA,2016
3881,USA,USA,2016
3882,USA,USA,2016
3883,USA,USA,2016
3884,USA,USA,2016
3885,Unknown,Unknown,2016
3886,USA,USA,2016
3887,USA,USA,2016
3888,USA,USA,2016
3889,Taiwan,Asia,2016
3890,USA,USA,2016
3891,USA,USA,2016
3892,USA,USA,2016
3893,USA,USA,2016
3894,USA,USA,2016
3895,USA,USA,2016
3896,USA,USA,2016
3897,USA,USA,2016
3898,USA,USA,2016
3899,USA,USA,2016
3900,USA,USA,2016
3901,USA,USA,2016
3902,USA,USA,2016
3903,USA,USA,2016
3904,Finland,Europe,2016
3905,USA,USA,2016
3906,USA,USA,2016
3907,Netherlands,Europe,2016
3908,USA,USA,2016
3909,USA,USA,2016
3910,USA,USA,2016
3911,USA,USA,2016
3912,USA,USA,2016
3913,USA,USA,2016
3914,USA,USA,2016
3915,USA,USA,2016
3916,USA,USA,2016
3917,USA,USA,2016
3918,USA,USA,2016
3919,USA,USA,2016
3920,USA,USA,2016
3921,USA,USA,2016
3922,USA,USA,2016
3923,USA,USA,2016
3924,USA,USA,2016
3925,USA,USA,2016
3926,USA,USA,2016
3927,USA,USA,2016
3928,USA,USA,2016
3929,USA,USA,2016
3930,USA,USA,2016
3931,USA,USA,2016
3932,USA,USA,2016
3933,USA,USA,2016
3934,USA,USA,2016
3935,USA,USA,2016
3936,USA,USA,2016
3937,USA,USA,2016
3938,USA,USA,2016
3939,USA,USA,2016
3940,USA,USA,2016
3941,USA,USA,2016
3942,USA,USA,2016
3943,USA,USA,2016
3944,USA,USA,2016
3945,USA,USA,2016
3946,USA,USA,2016
3947,USA,USA,2016
3948,USA,USA,2016
3949,USA,USA,2016
3950,USA,USA,2016
3951,USA,USA,2016
3952,USA,USA,2016
3953,Mexico,Other Americas,2016
3954,USA,USA,2016
3955,USA,USA,2016
3956,USA,USA,2016
3957,USA,USA,2016
3958,USA,USA,2016
3959,USA,USA,2016
3960,USA,USA,2016
3961,USA,USA,2016
3962,USA,USA,2016
3963,USA,USA,2016
3964,USA,USA,2016
3965,USA,USA,2016
3966,USA,USA,2016
3967,USA,USA,2016
3968,USA,USA,2016
3969,Unknown,Unknown,2016
3970,Unknown,Unknown,2016
3971,USA,USA,2016
3972,USA,USA,2016
3973,USA,USA,2016
3974,USA,USA,2016
3975,USA,USA,2016
3976,USA,USA,2016
3977,USA,USA,2016
3978,USA,USA,2016
3979,USA,USA,2016
3980,USA,USA,2016
3981,Unknown,Unknown,2016
3982,Unknown,Unknown,2016
3983,USA,USA,2016
3984,Unknown,Unknown,2016
3985,USA,USA,2016
3986,USA,USA,2016
3987,USA,USA,2016
3988,USA,USA,2016
3989,USA,USA,2016
3990,USA,USA,2016
3991,USA,USA,2016
3992,USA,USA,2016
3993,USA,USA,2016
3994,USA,USA,2016
3995,USA,USA,2016
3996,USA,USA,2016
3997,USA,USA,2016
3998,USA,USA,2016
3999,Germany,Europe,2016
4000,USA,USA,2016
4001,USA,USA,2016
4002,USA,USA,2016
4003,USA,USA,2016
4004,USA,USA,2016
4005,USA,USA,2016
4006,USA,USA,2016
4007,USA,USA,2016
4008,USA,USA,2016
4009,USA,USA,2016
4010,USA,USA,2016
4011,South Korea,Asia,2016
4012,USA,USA,2016
4013,USA,USA,2016
4014,Unknown,Unknown,2016
4015,USA,USA,2016
4016,USA,USA,2016
4017,USA,USA,2016
4018,USA,USA,2016
4019,USA,USA,2016
4020,USA,USA,2016
4021,USA,USA,2016
4022,USA,USA,2016
4023,USA,USA,2016
4024,USA,USA,2016
4025,USA,USA,2016
4026,USA,USA,2016
4027,USA,USA,2016
4028,USA,USA,2016
4029,Switzerland,Europe,2016
4030,USA,USA,2016
4031,USA,USA,2016
4032,Canada,Other Americas,2016
4033,USA,USA,2016
4034,USA,USA,2016
4035,USA,USA,2016
4036,Unknown,Unknown,2016
4037,Unknown,Unknown,2016
4038,Unknown,Unknown,2016
4039,Unknown,Unknown,2016
4040,Unknown,Unknown,2016
4041,Unknown,Unknown,2016
4042,Unknown,Unknown,2016
4043,USA,USA,2016
4044,Unknown,Unknown,2016
4045,Unknown,Unknown,2016
4046,USA,USA,2016
4047,USA,USA,2016
4048,USA,USA,2016
4049,USA,USA,2016
4050,USA,USA,2016
4051,USA,USA,2016
4052,USA,USA,2016
4053,USA,USA,2016
4054,USA,USA,2016
4055,USA,USA,2016
4056,USA,USA,2016
4057,USA,USA,2016
4058,USA,USA,2016
4059,Australia,Oceania,2016
4060,USA,USA,2016
4061,USA,USA,2016
4062,USA,USA,2016
4063,Australia,Oceania,2016
4064,USA,USA,2016
4065,USA,USA,2016
4066,USA,USA,2016
4067,USA,USA,2016
4068,USA,USA,2016
4069,Italy,Europe,2016
4070,USA,USA,2016
4071,USA,USA,2016
4072,USA,USA,2016
4073,USA,USA,2016
4074,USA,USA,2016
4075,USA,USA,2016
4076,USA,USA,2016
4077,USA,USA,2016
4078,USA,USA,2016
4079,USA,USA,2016
4080,USA,USA,2016
4081,USA,USA,2016
4082,USA,USA,2016
4083,USA,USA,2016
4084,USA,USA,2016
4085,USA,USA,2016
4086,USA,USA,2016
4087,USA,USA,2016
4088,USA,USA,2016
4089,USA,USA,2016
4090,USA,USA,2016
4091,USA,USA,2016
4092,USA,USA,2016
4093,Israel,Middle East,2016
4094,USA,USA,2016
4095,USA,USA,2016
4096,USA,USA,2016
4097,USA,USA,2016
4098,USA,USA,2016
4099,Iceland,Europe,2016
4100,USA,USA,2016
4101,USA,USA,2016
4102,USA,USA,2016
4103,Canada,Other Americas,2016
4104,USA,USA,2016
4105,USA,USA,2016
4106,USA,USA,2016
4107,USA,USA,2016
4108,USA,USA,2016
4109,USA,USA,2016
4110,USA,USA,2016
4111,USA,USA,2016
4112,USA,USA,2016
4113,USA,USA,2016
4114,USA,USA,2016
4115,USA,USA,2016
4116,USA,USA,2016
4117,USA,USA,2016
4118,USA,USA,2016
4119,USA,USA,2016
4120,USA,USA,2016
4121,USA,USA,2016
4122,Canada,Other Americas,2016
4123,USA,USA,2016
4124,USA,USA,2016
4125,USA,USA,2016
4126,USA,USA,2016
4127,USA,USA,2016
4128,USA,USA,2016
4129,USA,USA,2016
4130,USA,USA,2016
4131,USA,USA,2016
4132,USA,USA,2016
4133,USA,USA,2016
4134,USA,USA,2016
4135,USA,USA,2016
4136,United Kingdom,Europe,2016
4137,USA,USA,2016
4138,USA,USA,2016
4139,USA,USA,2016
4140,USA,USA,2016
4141,USA,USA,2016
4142,South Korea,Asia,2016
4143,USA,USA,2016
4144,USA,USA,2016
4145,USA,USA,2016
4146,USA,USA,2016
4147,USA,USA,2016
4148,USA,USA,2016
4149,USA,USA,2016
4150,USA,USA,2016
4151,USA,USA,2016
4152,USA,USA,2016
4153,France,Europe,2016
4154,USA,USA,2016
4155,USA,USA,2016
4156,USA,USA,2016
4157,USA,USA,2016
4158,Unknown,Unknown,2016
4159,Unknown,Unknown,2016
4160,Unknown,Unknown,2016
4161,USA,USA,2016
4162,USA,USA,2016
4163,USA,USA,2016
4164,Austria,Europe,2016
4165,Switzerland,Europe,2016
4166,USA,USA,2016
4167,USA,USA,2016
4168,USA,USA,2016
4169,USA,USA,2016
4170,USA,USA,2016
4171,USA,USA,2016
4172,USA,USA,2016
4173,USA,USA,2016
4174,USA,USA,2016
4175,USA,USA,2016
4176,USA,USA,2016
4177,USA,USA,2016
4178,USA,USA,2016
4179,USA,USA,2016
4180,USA,USA,2016
4181,Switzerland,Europe,2016
4182,USA,USA,2016
4183,USA,USA,2016
4184,USA,USA,2016
4185,USA,USA,2016
4186,USA,USA,2016
4187,USA,USA,2016
4188,Germany,Europe,2016
4189,USA,USA,2016
4190,USA,USA,2016
4191,USA,USA,2016
4192,USA,USA,2016
4193,USA,USA,2016
4194,USA,USA,2016
4195,USA,USA,2016
4196,USA,USA,2016
4197,USA,USA,2016
4198,USA,USA,2016
4199,USA,USA,2016
4200,USA,USA,2016
4201,USA,USA,2016
4202,USA,USA,2016
4203,USA,USA,2016
4204,USA,USA,2016
4205,USA,USA,2016
4206,USA,USA,2016
4207,USA,USA,2016
4208,USA,USA,2016
4209,USA,USA,2016
4210,USA,USA,2016
4211,USA,USA,2016
4212,USA,USA,2016
4213,USA,USA,2016
4214,USA,USA,2016
4215,USA,USA,2016
4216,USA,USA,2016
4217,USA,USA,2016
4218,USA,USA,2016
4219,USA,USA,2016
4220,USA,USA,2016
4221,USA,USA,2016
4222,USA,USA,2016
4223,USA,USA,2016
4224,USA,USA,2016
4225,USA,USA,2016
4226,USA,USA,2016
4227,USA,USA,2016
4228,USA,USA,2016
4229,USA,USA,2016
4230,USA,USA,2016
4231,USA,USA,2016
4232,USA,USA,2016
4233,USA,USA,2016
4234,USA,USA,2016